Date,Price,Returns
2014-10-01,38.88016128540039,
2014-10-02,38.76156997680664,-0.003050175325231552
2014-10-03,39.04110336303711,0.0072116115626310595
2014-10-06,39.04110336303711,0.0
2014-10-07,38.56675720214844,-0.012149916883183343
2014-10-08,39.62557601928711,0.027454183186542025
2014-10-09,38.83781051635742,-0.01988022842989723
2014-10-10,37.296146392822266,-0.03969492880876613
2014-10-13,36.97426223754883,-0.0086304936677154
2014-10-14,37.04203796386719,0.0018330514854609792
2014-10-15,36.61003494262695,-0.011662506843215126
2014-10-16,36.20343780517578,-0.011106166330853484
2014-10-17,36.95734024047852,0.02082405652633801
2014-10-20,37.33852005004883,0.010314048767849693
2014-10-21,38.01615905761719,0.018148523472811595
2014-10-22,37.59263610839844,-0.01114060335703193
2014-10-23,38.1347541809082,0.014420858142178972
2014-10-24,39.074989318847656,0.02465559718777932
2014-10-27,38.88863754272461,-0.004769080666982006
2014-10-28,39.37992858886719,0.012633279980632572
2014-10-29,39.49004364013672,0.0027962227260274197
2014-10-30,39.00722885131836,-0.01222624095374858
2014-10-31,39.76957702636719,0.019543766565798038
2014-11-03,40.18463516235352,0.010436574060396664
2014-11-04,40.29475784301758,0.0027404175804792708
2014-11-05,40.54039764404297,0.006096073389555201
2014-11-06,41.25192260742188,0.017551010960137114
2014-11-07,41.23500061035156,-0.0004102111126155217
2014-11-10,41.41288375854492,0.00431388736656646
2014-11-11,41.39593505859375,-0.0004092615247465181
2014-11-12,41.3197021484375,-0.0018415554582436044
2014-11-13,42.02275085449219,0.017014854161558235
2014-11-14,41.997352600097656,-0.0006043929509154111
2014-11-17,41.89570617675781,-0.002420305496580455
2014-11-18,41.54620742797852,-0.008342113802897955
2014-11-19,41.10297393798828,-0.010668446470320947
2014-11-20,41.512115478515625,0.009954061746106468
2014-11-21,40.89837646484375,-0.014784575697895042
2014-11-24,40.56595230102539,-0.008128052811683384
2014-11-25,40.46366500854492,-0.002521506008818175
2014-11-26,40.70234298706055,0.00589857538770211
2014-11-28,40.75348281860352,0.0012564345880341499
2014-12-01,41.44393157958984,0.01694207987227858
2014-12-02,41.30754852294922,-0.003290784716664885
2014-12-03,40.98363876342773,-0.007841418120989152
2014-12-04,41.63146209716797,0.015806876921781177
2014-12-05,41.273433685302734,-0.008599948064028973
2014-12-08,40.65972518920898,-0.01486933461298845
2014-12-09,40.56595230102539,-0.0023062843574868097
2014-12-10,39.97780227661133,-0.014498612532244048
2014-12-11,40.20792388916016,0.005756234696359552
2014-12-12,40.02041244506836,-0.00466354454432194
2014-12-15,39.78173065185547,-0.005964001334081814
2014-12-16,38.494606018066406,-0.03235466664467579
2014-12-17,38.98899841308594,0.01284316028036514
2014-12-18,40.50627899169922,0.0389156080014621
2014-12-19,40.62562561035156,0.0029463732937997644
2014-12-22,40.89837646484375,0.006713763797958405
2014-12-23,41.29903030395508,0.009796326254068566
2014-12-24,41.034767150878906,-0.006398773800044055
2014-12-26,40.81314086914063,-0.005400939182215514
2014-12-29,40.44662094116211,-0.008980439147129093
2014-12-30,40.08008193969727,-0.009062289826337833
2014-12-31,39.59420776367188,-0.01212258439881475
2015-01-02,39.85846328735352,0.006674095495455168
2015-01-05,39.49192428588867,-0.009196014377733097
2015-01-06,38.91228866577149,-0.014677320252138193
2015-01-07,39.406681060791016,0.012705302411430974
2015-01-08,40.56595230102539,0.029418139488733397
2015-01-09,40.2249755859375,-0.008405490214000721
2015-01-12,39.722076416015625,-0.01250216221629441
2015-01-13,39.51749038696289,-0.005150436420041871
2015-01-14,39.1765251159668,-0.008628211651531936
2015-01-15,38.76737594604492,-0.010443733044488979
2015-01-16,39.41520309448242,0.016710626722301836
2015-01-20,39.54306411743164,0.003243951899543074
2015-01-21,39.14243316650391,-0.010131510035185087
2015-01-22,40.17384719848633,0.02635027893117914
2015-01-23,40.21648788452149,0.0010614040976579808
2015-01-26,40.07155990600586,-0.0036036955522267267
2015-01-27,36.36359786987305,-0.09253350867374321
2015-01-28,35.11056900024414,-0.03445833039164237
2015-01-29,35.809532165527344,0.019907486126993446
2015-01-30,34.43716812133789,-0.038323986972122026
2015-02-02,35.18727111816406,0.02178178513933604
2015-02-03,35.46004867553711,0.007752165732233696
2015-02-04,35.66463088989258,0.005769372067912615
2015-02-05,36.18458938598633,0.014579107735588792
2015-02-06,36.15048599243164,-0.0009424839174185795
2015-02-09,36.10788345336914,-0.0011784776301878575
2015-02-10,36.312442779541016,0.005665226166913007
2015-02-11,36.12492370605469,-0.005164044584518579
2015-02-12,36.73012924194336,0.016753129800720856
2015-02-13,37.39500045776367,0.01810152127265252
2015-02-17,37.41216278076172,0.0004589469925915246
2015-02-18,37.3692512512207,-0.001146994088325748
2015-02-19,37.343482971191406,-0.0006895583712948072
2015-02-20,37.65254592895508,0.008276222065362715
2015-02-23,37.90149688720703,0.006611796151093863
2015-02-24,37.84998321533203,-0.001359146105186837
2015-02-25,37.76415252685547,-0.002267654598108071
2015-02-26,37.824249267578125,0.0015913700348477722
2015-02-27,37.64396286010742,-0.004766423946588105
2015-03-02,37.66970443725586,0.0006838168777314468
2015-03-03,37.154632568359375,-0.01367337165478455
2015-03-04,36.965763092041016,-0.005083335865880723
2015-03-05,37.008697509765625,0.0011614643966013638
2015-03-06,36.364845275878906,-0.0173973221758702
2015-03-09,36.78548431396485,0.011567188995162736
2015-03-10,36.08153533935547,-0.01913659661515299
2015-03-11,36.03861618041992,-0.001189504784978812
2015-03-12,35.2144889831543,-0.02286789240574061
2015-03-13,35.52354049682617,0.008776260073508846
2015-03-16,35.67805480957031,0.004349631556515243
2015-03-17,35.79823303222656,0.0033684073668729386
2015-03-18,36.48503112792969,0.019185251268822423
2015-03-19,36.30474472045898,-0.004941380119385386
2015-03-20,36.81126022338867,0.013951771506170552
2015-03-23,36.7940673828125,-0.0004670538436293281
2015-03-24,36.82841873168945,0.0009336110770128414
2015-03-25,35.59221267700195,-0.033566634063052825
2015-03-26,35.37759780883789,-0.0060298265272711316
2015-03-27,35.17156219482422,-0.005823900625672285
2015-03-30,35.16297912597656,-0.00024403433660724616
2015-03-31,34.90543746948242,-0.0073242274373698235
2015-04-01,34.956939697265625,0.0014754786508042184
2015-04-02,34.58779525756836,-0.010559975870145788
2015-04-06,35.66946792602539,0.03127324712090007
2015-04-07,35.65229797363281,-0.0004813627281513577
2015-04-08,35.5578727722168,-0.002648502530912533
2015-04-09,35.6093864440918,0.0014487276054164777
2015-04-10,35.81541442871094,0.005785777436592809
2015-04-13,35.849754333496094,0.0009588023853110972
2015-04-14,35.75532531738281,-0.0026340212888168457
2015-04-15,36.27899932861328,0.01464604241695655
2015-04-16,36.193145751953125,-0.0023664813872757984
2015-04-17,35.72956085205078,-0.012808637941545187
2015-04-20,36.83699798583984,0.030994983072272886
2015-04-21,36.605224609375,-0.00629186386344327
2015-04-22,36.90566635131836,0.008207619134958488
2015-04-23,37.20615005493164,0.008141939526382425
2015-04-24,41.09501266479492,0.10452203746213229
2015-04-27,41.23236846923828,0.0033423959633192
2015-04-28,42.20243453979492,0.023526809314394992
2015-04-29,42.11660003662109,-0.0020338756308690975
2015-04-30,41.756046295166016,-0.00856084634423393
2015-05-01,41.77321243286133,0.00041110543785616294
2015-05-04,41.41265487670898,-0.008631310238154333
2015-05-05,40.863224029541016,-0.013267221065727197
2015-05-06,39.73005676269531,-0.027730735735058687
2015-05-07,40.090606689453125,0.009074991483434047
2015-05-08,40.992000579833984,0.02248391742642286
2015-05-11,40.6657829284668,-0.007958080765828046
2015-05-12,40.64860153198242,-0.00042250253768871815
2015-05-13,40.88898468017578,0.005913688026984776
2015-05-14,41.82472610473633,0.02288492687895527
2015-05-15,41.464149475097656,-0.0086211354674679
2015-05-18,41.21520614624024,-0.006003820939506355
2015-05-19,41.11151123046875,-0.0025159383020810777
2015-05-20,41.11151123046875,0.0
2015-05-21,40.97327423095703,-0.0033624888838741374
2015-05-22,40.52396774291992,-0.010965842893210564
2015-05-26,40.25609588623047,-0.006610208022788
2015-05-27,41.13744735717773,0.021893615154288337
2015-05-28,40.99919509887695,-0.003360739841254401
2015-05-29,40.48941040039063,-0.012434017235140482
2015-06-01,40.8090934753418,0.00789547370015753
2015-06-02,40.54124450683594,-0.006563462838685807
2015-06-03,40.48076629638672,-0.0014917699539050977
2015-06-04,40.05736541748047,-0.010459309880802348
2015-06-05,39.867286682128906,-0.004745163177122369
2015-06-08,39.51301574707031,-0.008886256491024258
2015-06-09,39.44390487670898,-0.0017490659483884174
2015-06-10,40.27338409423828,0.02102933824939579
2015-06-11,40.12649917602539,-0.0036471958221634404
2015-06-12,39.72039031982422,-0.010120714852787649
2015-06-15,39.29701614379883,-0.010658862428501559
2015-06-16,39.59943389892578,0.007695692569133605
2015-06-17,39.72039031982422,0.0030544987387235434
2015-06-18,40.36843490600586,0.016315161582342474
2015-06-19,39.83271789550781,-0.013270690621160153
2015-06-22,39.94506072998047,0.002820365779893974
2015-06-23,39.668556213378906,-0.006922120320974612
2015-06-24,39.43525695800781,-0.005881213677557784
2015-06-25,39.44390487670898,0.00021929408778476045
2015-06-26,39.10691452026367,-0.008543534355907378
2015-06-29,38.33790588378906,-0.019664262596736926
2015-06-30,38.14781951904297,-0.0049581833009421095
2015-07-01,38.407039642333984,0.0067951491476889725
2015-07-02,38.36383438110352,-0.0011249307843773648
2015-07-06,38.35519027709961,-0.00022531908354217478
2015-07-07,38.27743148803711,-0.002027334201726738
2015-07-08,38.22559356689453,-0.0013542685370302454
2015-07-09,38.46752166748047,0.006328956021639298
2015-07-10,38.54528045654297,0.0020214140576733097
2015-07-13,39.34886169433594,0.020847720610022602
2015-07-14,39.4179801940918,0.001756556524881825
2015-07-15,39.5389404296875,0.0030686563593593785
2015-07-16,40.31658935546875,0.01966792527392469
2015-07-17,40.28203582763672,-0.000857054834856541
2015-07-20,40.54124450683594,0.006434845555183699
2015-07-21,40.85229110717773,0.00767234958190155
2015-07-22,39.34886169433594,-0.03680159354826584
2015-07-23,39.84136199951172,0.012516252922423865
2015-07-24,39.694461822509766,-0.003687127387958067
2015-07-27,39.18468475341797,-0.012842523759894253
2015-07-28,39.1760368347168,-0.00022069639594124446
2015-07-29,39.99689483642578,0.020953063863304422
2015-07-30,40.50668716430664,0.012745797641685597
2015-07-31,40.35115432739258,-0.003839682970941949
2015-08-03,40.44620895385742,0.002355685433274246
2015-08-04,41.07695770263672,0.015594755728500553
2015-08-05,41.11151123046875,0.0008411900433855646
2015-08-06,40.28203582763672,-0.020176232349670586
2015-08-07,40.38571166992188,0.002573748822646049
2015-08-10,40.895503997802734,0.012623086403613648
2015-08-11,40.10056686401367,-0.0194382525235971
2015-08-12,40.38571166992188,0.007110742520802127
2015-08-13,40.3770751953125,-0.00021384975656657534
2015-08-14,40.61035537719727,0.005777540368051559
2015-08-17,40.88685989379883,0.006808719451807832
2015-08-18,41.11299133300781,0.00553066290236881
2015-08-19,40.53895950317383,-0.013962297833899462
2015-08-20,39.712703704833984,-0.020381771226149925
2015-08-21,37.46005630493164,-0.05672359697907303
2015-08-24,36.25111389160156,-0.03227284026187971
2015-08-25,35.198707580566406,-0.029031006169412343
2015-08-26,37.14695358276367,0.05534993004325295
2015-08-27,38.18194580078125,0.027862102223580987
2015-08-28,38.20804977416992,0.0006836732084025687
2015-08-31,37.8514404296875,-0.009333356363127043
2015-09-01,36.37287139892578,-0.039062424414423425
2015-09-02,37.71227645874024,0.03682428712114327
2015-09-03,37.83403015136719,0.003228489607625562
2015-09-04,37.05997085571289,-0.020459340243622615
2015-09-08,38.17324066162109,0.030039683793668726
2015-09-09,37.46005630493164,-0.01868283499981893
2015-09-10,37.65140914916992,0.0051081835724067215
2015-09-11,37.81664657592773,0.004388612019889049
2015-09-14,37.43396759033203,-0.010119326282074126
2015-09-15,38.25151824951172,0.021839807848496262
2015-09-16,38.52984619140625,0.007276258685446679
2015-09-17,38.48635482788086,-0.0011287707536993263
2015-09-18,37.81664657592773,-0.017401186860855233
2015-09-21,38.36458587646485,0.014489367782438922
2015-09-22,38.18194580078125,-0.004760642439141871
2015-09-23,38.15585708618164,-0.0006832735747865915
2015-09-24,38.19063186645508,0.0009113877377959767
2015-09-25,38.21673583984375,0.0006835177139763449
2015-09-28,37.65140914916992,-0.01479264720678819
2015-09-29,37.781856536865234,0.0034646083810170314
2015-09-30,38.49504470825195,0.018876472380091602
2015-10-01,38.799461364746094,0.00790794396528871
2015-10-02,39.634422302246094,0.02151991053820823
2015-10-05,40.55635452270508,0.023260897142097114
2015-10-06,40.66072082519531,0.002573364981110604
2015-10-07,40.70421600341797,0.0010697099643079966
2015-10-08,41.26955795288086,0.013889026861871434
2015-10-09,40.97382736206055,-0.007165828893974546
2015-10-12,40.87815475463867,-0.002334968773516688
2015-10-13,40.78248596191406,-0.0023403402941947204
2015-10-14,40.59984970092773,-0.004478301326625744
2015-10-15,40.88685607910156,0.007069148784737411
2015-10-16,41.32173538208008,0.010636163908938734
2015-10-19,41.41740798950195,0.0023153095226335907
2015-10-20,41.547882080078125,0.0031502234666458406
2015-10-21,41.05212020874024,-0.011932301877201956
2015-10-22,41.77400588989258,0.017584613839229712
2015-10-23,45.983585357666016,0.1007703086668057
2015-10-26,47.183837890625,0.026101760522222683
2015-10-27,46.69677734375,-0.01032261402737178
2015-10-28,46.94900894165039,0.005401477623255158
2015-10-29,46.40976333618164,-0.01148577185386257
2015-10-30,45.78354644775391,-0.013493214431876233
2015-11-02,46.30538940429688,0.01139804573982639
2015-11-03,47.096866607666016,0.017092550425581443
2015-11-04,47.31430435180664,0.0046168197547400425
2015-11-05,47.2968978881836,-0.0003678900886635583
2015-11-06,47.76655960083008,0.00993007435195481
2015-11-09,47.10555648803711,-0.013838198068204188
2015-11-10,46.540225982666016,-0.012001354989079949
2015-11-11,46.6619873046875,0.002616259793556619
2015-11-12,46.37498092651367,-0.00615075342376159
2015-11-13,45.95750045776367,-0.00900227796129005
2015-11-16,46.76636505126953,0.017600273849732728
2015-11-17,46.38108825683594,-0.008238330988761255
2015-11-18,47.151634216308594,0.016613365240714995
2015-11-19,47.23044204711914,0.0016713700833572709
2015-11-20,47.4493408203125,0.004634696685137385
2015-11-23,47.4493408203125,0.0
2015-11-24,47.50187301635742,0.0011071217247011766
2015-11-25,47.011531829833984,-0.010322565309258125
2015-11-27,47.22168731689453,0.004470296518335859
2015-11-30,47.58943939208984,0.007787779219480262
2015-12-01,48.351219177246094,0.016007328409144428
2015-12-02,48.34245300292969,-0.00018130203261823574
2015-12-03,47.45809173583984,-0.018293677961196075
2015-12-04,48.955379486083984,0.0315496830040769
2015-12-07,48.86782455444336,-0.0017884639555396653
2015-12-08,48.85031509399414,-0.0003583024333262408
2015-12-09,48.14106369018555,-0.014518870603882572
2015-12-10,48.39498901367188,0.005274609741082736
2015-12-11,47.33550262451172,-0.021892481241412298
2015-12-14,48.28116607666016,0.019977889738488797
2015-12-15,48.33370590209961,0.0010882053957856908
2015-12-16,49.14801788330078,0.01684770422633375
2015-12-17,48.77150344848633,-0.007660826438788737
2015-12-18,47.39679718017578,-0.02818666990166796
2015-12-21,48.00973510742188,0.012932053719074244
2015-12-22,48.46503829956055,0.009483559763867166
2015-12-23,48.87657928466797,0.00849150231892315
2015-12-24,48.745235443115234,-0.0026872551941035105
2015-12-28,48.99040603637695,0.005029631943163526
2015-12-29,49.51577377319336,0.010723890233248934
2015-12-30,49.30564880371094,-0.004243596605091882
2015-12-31,48.57887268066406,-0.014740220252251857
2016-01-04,47.98345184326172,-0.01225678581132128
2016-01-05,48.20236206054688,0.004562202360935519
2016-01-06,47.326751708984375,-0.01816529966856506
2016-01-07,45.68061065673828,-0.034782464310424976
2016-01-08,45.820709228515625,0.0030669154760232242
2016-01-11,45.79444122314453,-0.0005732780180265351
2016-01-12,46.21472930908203,0.009177709667632872
2016-01-13,45.216529846191406,-0.021599162817003914
2016-01-14,46.503684997558594,0.028466473560566863
2016-01-15,44.64738464355469,-0.0399172743859193
2016-01-19,44.27086639404297,-0.008433153532232063
2016-01-20,44.47226333618164,0.004549198119280007
2016-01-21,44.20082473754883,-0.006103548105499179
2016-01-22,45.78567123413086,0.035855586541481355
2016-01-25,45.34786987304688,-0.00956197319561447
2016-01-26,45.68061065673828,0.0073375173877607835
2016-01-27,44.84879302978516,-0.018209424414303843
2016-01-28,45.58428192138672,0.016399301785292142
2016-01-29,48.23738479614258,0.05820214255719369
2016-02-01,47.9046516418457,-0.006897827394728107
2016-02-02,46.4073600769043,-0.03125566126930124
2016-02-03,45.67184448242188,-0.01584911516758436
2016-02-04,45.53175354003906,-0.0030673370863473215
2016-02-05,43.92061614990234,-0.0353849185430547
2016-02-08,43.263916015625,-0.014951979089637524
2016-02-09,43.15009307861328,-0.0026308976970695896
2016-02-10,43.52660369873047,0.008725603892238087
2016-02-11,43.509090423583984,-0.0004023579525685994
2016-02-12,44.21833419799805,0.0163010480685577
2016-02-16,45.05613708496094,0.01894695723297568
2016-02-17,46.22906112670898,0.02603250339762364
2016-02-18,46.02622222900391,-0.004387692346792482
2016-02-19,45.69991683959961,-0.007089554032498446
2016-02-22,46.43190002441406,0.016017166669769045
2016-02-23,45.13551712036133,-0.02792009164757614
2016-02-24,45.29426193237305,0.0035170708599261413
2016-02-25,45.94686126708984,0.014407991363037498
2016-02-26,45.2413215637207,-0.015355558223396848
2016-02-29,44.87093353271485,-0.008186941013298532
2016-03-01,46.370155334472656,0.033411870084332884
2016-03-02,46.69645690917969,0.007036887678149473
2016-03-03,46.16733169555664,-0.011331164046388897
2016-03-04,45.88512802124024,-0.006112626915008801
2016-03-07,45.003211975097656,-0.019220084680473093
2016-03-08,45.54999923706055,0.01214996081314057
2016-03-09,46.59946060180664,0.02303976690063747
2016-03-10,45.90275955200195,-0.01495083936181174
2016-03-11,46.80228805541992,0.019596392726648926
2016-03-14,46.890472412109375,0.0018841890077048173
2016-03-15,47.26087951660156,0.007899410806459173
2016-03-16,47.931129455566406,0.014181918445453467
2016-03-17,48.20450973510742,0.005703606041548515
2016-03-18,47.17268753051758,-0.021405096955863567
2016-03-21,47.49898910522461,0.006917171604775341
2016-03-22,47.68418502807617,0.0038989445110357845
2016-03-23,47.59600067138672,-0.001849341802476645
2016-03-24,47.80766296386719,0.0044470604566511085
2016-03-28,47.216796875,-0.012359233901765077
2016-03-29,48.24860763549805,0.021852620863495265
2016-03-30,48.5484504699707,0.006214538598457997
2016-03-31,48.70719146728516,0.0032697438492428343
2016-04-01,49.00704193115234,0.006156184637921003
2016-04-04,48.883567810058594,-0.002519517935140936
2016-04-05,48.116336822509766,-0.015695069364207836
2016-04-06,48.61018371582031,0.010263601219939744
2016-04-07,48.02813720703125,-0.011973756614288122
2016-04-08,47.99285507202149,-0.0007346138547424941
2016-04-11,47.89585494995117,-0.0020211367280557058
2016-04-12,48.19568634033203,0.006260069701108151
2016-04-13,48.81301498413086,0.012808794534838297
2016-04-14,48.82184600830078,0.00018091535982356355
2016-04-15,49.07759094238281,0.005238329866481317
2016-04-18,49.79192352294922,0.014555167987056139
2016-04-19,49.73018264770508,-0.0012399777087479524
2016-04-20,49.0246696472168,-0.014186816997762253
2016-04-21,49.192230224609375,0.003417882845480724
2016-04-22,45.66465759277344,-0.07170995532687197
2016-04-25,45.95566940307617,0.006372801760563096
2016-04-26,45.36480331420898,-0.012857305671792552
2016-04-27,44.92385482788086,-0.009720057271580984
2016-04-28,44.00667572021485,-0.020416304682223885
2016-04-29,43.98022079467773,-0.0006011570995573257
2016-05-02,44.63282775878906,0.01483864683531344
2016-05-03,43.90085983276367,-0.016399765884904105
2016-05-04,43.98022079467773,0.0018077313796671657
2016-05-05,44.04195785522461,0.0014037460347255948
2016-05-06,44.43879699707031,0.009010479124252457
2016-05-09,44.1566047668457,-0.006350132075879866
2016-05-10,44.99441146850586,0.018973530824752505
2016-05-11,45.02087020874024,0.0005880450342794497
2016-05-12,45.426517486572266,0.009010205177093056
2016-05-13,45.04730987548828,-0.008347714772458104
2016-05-16,45.708740234375,0.014683015716475012
2016-05-17,44.856201171875,-0.01865155456327483
2016-05-18,45.12261199951172,0.005939219565560538
2016-05-19,44.68746566772461,-0.009643642344814185
2016-05-20,44.95388412475586,0.005961816206186743
2016-05-23,44.42992401123047,-0.011655502605098511
2016-05-24,45.8153190612793,0.031181575950898432
2016-05-25,46.285980224609375,0.010273008525828464
2016-05-26,46.08171844482422,-0.00441303778798563
2016-05-27,46.46360397338867,0.008287137317192439
2016-05-31,47.06746673583984,0.012996468435746422
2016-06-01,46.93427276611328,-0.0028298521030266643
2016-06-02,46.60568618774414,-0.00700099434812973
2016-06-03,45.99291229248047,-0.013148050064002992
2016-06-06,46.294864654541016,0.006565193352844334
2016-06-07,46.26821517944336,-0.0005756464630908287
2016-06-08,46.21493148803711,-0.0011516262557265122
2016-06-09,45.84196090698242,-0.008070348024885265
2016-06-10,45.71761322021485,-0.0027125298374536255
2016-06-13,44.527618408203125,-0.02602924186526756
2016-06-14,44.25231170654297,-0.006182830151307606
2016-06-15,44.12797927856445,-0.002809625603358734
2016-06-16,44.749629974365234,0.014087449866591939
2016-06-17,44.51873016357422,-0.005159814973292209
2016-06-20,44.465450286865234,-0.0011967968653467942
2016-06-21,45.46007537841797,0.02236849250678885
2016-06-22,45.282470703125,-0.003906827558347703
2016-06-23,46.09949493408203,0.018042836847695476
2016-06-24,44.25231170654297,-0.040069489485304866
2016-06-27,43.00901794433594,-0.02809556640683253
2016-06-28,43.90596008300781,0.020854745854293588
2016-06-29,44.882850646972656,0.022249611718271334
2016-06-30,45.44231796264648,0.012465057535545832
2016-07-01,45.43344497680664,-0.00019525821387744724
2016-07-05,45.44231796264648,0.0001952963470932545
2016-07-06,45.62881851196289,0.004104116111984357
2016-07-07,45.62881851196289,0.0
2016-07-08,46.44584274291992,0.017905881800179158
2016-07-11,46.703372955322266,0.005544741944457421
2016-07-12,47.25396728515625,0.011789176990721906
2016-07-13,47.5203857421875,0.005638012474667775
2016-07-14,47.72465133666992,0.00429848350959583
2016-07-15,47.68911743164063,-0.00074456080943619
2016-07-18,47.920021057128906,0.004841851515060114
2016-07-19,47.147403717041016,-0.01612305927759916
2016-07-20,49.6517448425293,0.05311726474947154
2016-07-21,49.5540657043457,-0.001967285107368988
2016-07-22,50.23786926269531,0.013799141374784218
2016-07-25,50.37997817993164,0.0028287210290156573
2016-07-26,50.4066047668457,0.0005285152530032367
2016-07-27,49.900390625,-0.010042615331605442
2016-07-28,49.91816329956055,0.000356163034756829
2016-07-29,50.3355598449707,0.00836161665054358
2016-08-01,50.24674987792969,-0.0017643583843021116
2016-08-02,50.24674987792969,0.0
2016-08-03,50.59309768676758,0.006892939536971232
2016-08-04,50.966102600097656,0.007372644300996045
2016-08-05,51.4722900390625,0.009931845150817464
2016-08-08,51.56108856201172,0.0017251714054655753
2016-08-09,51.68542098999024,0.002411361579943927
2016-08-10,51.52556991577149,-0.0030927691243862743
2016-08-11,51.77423095703125,0.004825973621761737
2016-08-12,51.45452117919922,-0.006175075359349469
2016-08-15,51.61437225341797,0.003106647784400618
2016-08-16,51.32841873168945,-0.0055401917962797365
2016-08-17,51.43565368652344,0.002089192643836002
2016-08-18,51.47140884399414,0.0006951434444406601
2016-08-19,51.48926544189453,0.000346922656702775
2016-08-22,51.53395080566406,0.0008678578609742083
2016-08-23,51.73054885864258,0.003814922976115076
2016-08-24,51.7841682434082,0.0010365129686162877
2016-08-25,51.980751037597656,0.0037961948768865383
2016-08-26,51.85564804077149,-0.0024067177624208513
2016-08-29,51.91820526123047,0.0012063723590878261
2016-08-30,51.73054885864258,-0.0036144624345869625
2016-08-31,51.346282958984375,-0.007428220038960709
2016-09-01,51.46245574951172,0.0022625355494600985
2016-09-02,51.53395080566406,0.001389266312908477
2016-09-06,51.48033142089844,-0.001040467185755345
2016-09-07,51.5250129699707,0.0008679343710309428
2016-09-08,51.319480895996094,-0.00398897665672393
2016-09-09,50.22929382324219,-0.021243143027172784
2016-09-12,50.97991943359375,0.01494398095647198
2016-09-13,50.51523971557617,-0.009114955911667666
2016-09-14,50.27397537231445,-0.00477607044171513
2016-09-15,51.10503005981445,0.01653051467176514
2016-09-16,51.15864562988281,0.0010491251057989093
2016-09-19,50.8726921081543,-0.005589544410485425
2016-09-20,50.76545715332031,-0.0021079080030992348
2016-09-21,51.614376068115234,0.01672237309379576
2016-09-22,51.667999267578125,0.0010389198426445923
2016-09-23,51.319480895996094,-0.006745342891586015
2016-09-26,50.84587860107422,-0.00922850907010686
2016-09-27,51.7841682434082,0.01845360269404739
2016-09-28,51.85564804077149,0.0013803407448258476
2016-09-29,51.29268646240234,-0.010856321338931663
2016-09-30,51.47140884399414,0.003484363832703563
2016-10-03,51.31055450439453,-0.0031251202019192403
2016-10-04,51.14969253540039,-0.0031350658855258118
2016-10-05,51.50715637207031,0.006988582314987113
2016-10-06,51.59650802612305,0.0017347425163076746
2016-10-07,51.650123596191406,0.0010391317575448866
2016-10-10,51.86458206176758,0.004152138477980127
2016-10-11,51.10503005981445,-0.014644907406147545
2016-10-12,51.03354263305664,-0.0013988334743985087
2016-10-13,50.86375045776367,-0.003327070129420906
2016-10-14,51.31055450439453,0.008784331525098166
2016-10-17,51.1318244934082,-0.003483299151854191
2016-10-18,51.5250129699707,0.007689701677145999
2016-10-19,51.40884399414063,-0.002254613228293123
2016-10-20,51.15864562988281,-0.0048668350583089826
2016-10-21,53.31221389770508,0.04209588118111407
2016-10-24,54.509647369384766,0.022460771821956493
2016-10-25,54.50071716308594,-0.0001638279961401201
2016-10-26,54.17900085449219,-0.005902973856858784
2016-10-27,53.70541000366211,-0.008741225259985774
2016-10-28,53.49988555908203,-0.0038268853094327593
2016-10-31,53.5445556640625,0.0008349570193217914
2016-11-01,53.43731689453125,-0.0020027950218517443
2016-11-02,53.10668182373047,-0.006187344163505637
2016-11-03,52.91009521484375,-0.003701730218039656
2016-11-04,52.46329116821289,-0.008444589729362462
2016-11-07,53.991355895996094,0.029126360427594422
2016-11-08,54.03603744506836,0.0008275685677969769
2016-11-09,53.76795196533203,-0.004961234990794039
2016-11-10,52.4543571472168,-0.024430813711524668
2016-11-11,52.74031066894531,0.005451473190796419
2016-11-14,51.93606948852539,-0.015249079313699898
2016-11-15,52.961669921875,0.019747363315127275
2016-11-16,53.66337966918945,0.01324938863048608
2016-11-17,54.55401611328125,0.016596726661312955
2016-11-18,54.29311752319336,-0.0047823901643856415
2016-11-21,54.751930236816406,0.008450660683226419
2016-11-22,54.98584365844727,0.004272240642825276
2016-11-23,54.33810043334961,-0.01178018162495087
2016-11-25,54.45504379272461,0.002152142942840607
2016-11-28,54.52702713012695,0.0013218855846730548
2016-11-29,54.95885467529297,0.007919513824501623
2016-11-30,54.212162017822266,-0.013586394073935915
2016-12-01,53.258544921875,-0.017590464214169543
2016-12-02,53.30351257324219,0.0008443274489220443
2016-12-05,54.17616653442383,0.016371415673264833
2016-12-06,53.93326568603516,-0.004483537022397566
2016-12-07,55.21075439453125,0.023686470534397097
2016-12-08,54.88688659667969,-0.00586602739635167
2016-12-09,55.750526428222656,0.015734902908397297
2016-12-12,55.93045425415039,0.0032273744743807065
2016-12-13,56.659175872802734,0.01302906669309345
2016-12-14,56.389278411865234,-0.004763526062281698
2016-12-15,56.299312591552734,-0.001595441950070553
2016-12-16,56.04741287231445,-0.004474294758548769
2016-12-19,57.23493194580078,0.0211877589460141
2016-12-20,57.16296005249024,-0.0012574819409009175
2016-12-21,57.16296005249024,0.0
2016-12-22,57.17197036743164,0.0001576250588339878
2016-12-23,56.89308166503906,-0.004878067007315301
2016-12-27,56.92905807495117,0.0006323512254780006
2016-12-28,56.66815185546875,-0.004583006083447194
2016-12-29,56.58720397949219,-0.001428454490328468
2016-12-30,55.90347290039063,-0.012082786054411598
2017-01-03,56.299312591552734,0.007080771025932853
2017-01-04,56.04741287231445,-0.004474294758548769
2017-01-05,56.04741287231445,0.0
2017-01-06,56.5332260131836,0.008667895911197876
2017-01-09,56.353294372558594,-0.0031827591190894955
2017-01-10,56.33529281616211,-0.0003194410654587809
2017-01-11,56.84808349609375,0.009102476516897218
2017-01-12,56.3263053894043,-0.009178464331612957
2017-01-13,56.407264709472656,0.0014373270092660206
2017-01-17,56.25432205200195,-0.0027113999988909177
2017-01-18,56.22734451293945,-0.00047956384644654015
2017-01-19,56.04741287231445,-0.00320007359735075
2017-01-20,56.44326400756836,0.007062790501244365
2017-01-23,56.64117050170898,0.003506290743818141
2017-01-24,57.14496994018555,0.00889458028522494
2017-01-25,57.28891754150391,0.0025189898860571436
2017-01-26,57.8197021484375,0.009265048629153227
2017-01-27,59.17815780639648,0.02349468446709535
2017-01-30,58.593387603759766,-0.009881520890694273
2017-01-31,58.161563873291016,-0.007369837248342392
2017-02-01,57.19895935058594,-0.01655052681874547
2017-02-02,56.8301010131836,-0.00644868965432599
2017-02-03,57.28891754150391,0.008073477261880457
2017-02-06,57.2529296875,-0.0006281817766559117
2017-02-07,57.06401062011719,-0.0032997275146263716
2017-02-08,56.983036041259766,-0.0014190131043624321
2017-02-09,57.63077545166016,0.011367232344927869
2017-02-10,57.5767936706543,-0.0009366832318808971
2017-02-13,58.22454071044922,0.011250140872729242
2017-02-14,58.4417610168457,0.003730734562196414
2017-02-15,58.40555191040039,-0.0006195758959911535
2017-02-16,58.39649963378906,-0.00015499000206720126
2017-02-17,58.48701477050781,0.0015500096287686116
2017-02-21,58.36935806274414,-0.002011672304106038
2017-02-22,58.2516975402832,-0.0020157926413112426
2017-02-23,58.48701477050781,0.00403966305122494
2017-02-24,58.48701477050781,0.0
2017-02-27,58.134033203125,-0.006035212581251503
2017-02-28,57.907745361328125,-0.0038925192237428963
2017-03-01,58.77664566040039,0.015004906401562934
2017-03-02,57.93489456176758,-0.014321183000069126
2017-03-03,58.152130126953125,0.003749649789281051
2017-03-06,58.17022705078125,0.00031119967211212796
2017-03-07,58.28790664672852,0.0020230210867930865
2017-03-08,58.821895599365234,0.009161230576920643
2017-03-09,58.58657455444336,-0.004000568878715582
2017-03-10,58.7676010131836,0.0030898966208037226
2017-03-13,58.56846618652344,-0.0033885137937736953
2017-03-14,58.29695510864258,-0.004635789453938832
2017-03-15,58.604679107666016,0.005278560405941546
2017-03-16,58.50511169433594,-0.0016989669570096622
2017-03-17,58.71329116821289,0.0035583125618936506
2017-03-20,58.7676010131836,0.0009250008624983597
2017-03-21,58.11592864990234,-0.01108897338067405
2017-03-22,58.85810089111328,0.012770547738846005
2017-03-23,58.71329116821289,-0.002460319322369675
2017-03-24,58.81284332275391,0.001695564199523547
2017-03-27,58.92145919799805,0.0018468053763029957
2017-03-28,59.09341430664063,0.0029183783121315976
2017-03-29,59.256343841552734,0.002757152160250076
2017-03-30,59.47355651855469,0.0036656442655786936
2017-03-31,59.60934829711914,0.002283229497501038
2017-04-03,59.32875061035156,-0.004707276539393734
2017-04-04,59.49168014526367,0.002746215506579164
2017-04-05,59.33779525756836,-0.002586662325211986
2017-04-06,59.49168014526367,0.002593370498976899
2017-04-07,59.446414947509766,-0.0007608660176242621
2017-04-10,59.31064224243164,-0.002283951104503301
2017-04-11,59.26539611816406,-0.0007628668744242839
2017-04-12,59.03912353515625,-0.0038179544528255116
2017-04-13,58.78569412231445,-0.004292567329372443
2017-04-17,59.26539611816406,0.008160182558217377
2017-04-18,59.183929443359375,-0.001374607783642512
2017-04-19,58.86715316772461,-0.005352403576682541
2017-04-20,59.28350067138672,0.007072662448544875
2017-04-21,60.098087310791016,0.013740528649271555
2017-04-24,61.12083435058594,0.01701796322578275
2017-04-25,61.473819732666016,0.005775205555201834
2017-04-26,61.39235305786133,-0.001325225521351503
2017-04-27,61.79060745239258,0.006487035839070954
2017-04-28,61.96257781982422,0.0027831150157269224
2017-05-01,62.82240295410156,0.013876522968065519
2017-05-02,62.722843170166016,-0.0015847815310134905
2017-05-03,62.523719787597656,-0.003174654918434383
2017-05-04,62.27933883666992,-0.003908611831764497
2017-05-05,62.45130157470703,0.002761152273759393
2017-05-08,62.397010803222656,-0.0008693297035520242
2017-05-09,62.4875373840332,0.0014508159869395243
2017-05-10,62.731910705566406,0.0039107529559270215
2017-05-11,61.96257781982422,-0.012263820392034108
2017-05-12,61.8901596069336,-0.0011687411247026658
2017-05-15,61.9354133605957,0.0007311946511288081
2017-05-16,63.182498931884766,0.020135258709397474
2017-05-17,61.42565536499024,-0.02780585758072862
2017-05-18,61.635032653808594,0.003408629302760202
2017-05-19,61.61681365966797,-0.00029559478361851355
2017-05-22,62.30860900878906,0.011227379477006583
2017-05-23,62.51798629760742,0.0033603268015311993
2017-05-24,62.59991455078125,0.0013104749213102007
2017-05-25,63.37363815307617,0.01235981882478887
2017-05-26,63.68314743041992,0.0048838805276754105
2017-05-30,64.09278869628906,0.006432490892770648
2017-05-31,63.57390975952149,-0.008095745985189362
2017-06-01,63.81060409545898,0.0037231363751706326
2017-06-02,65.32167053222656,0.023680491012231686
2017-06-05,65.79499816894531,0.007246104284568622
2017-06-06,66.01345825195312,0.0033203144477162994
2017-06-07,65.89512634277344,-0.0017925421923519202
2017-06-08,65.49458312988281,-0.006078495256342298
2017-06-09,64.01084899902344,-0.022654302996584774
2017-06-12,63.51929473876953,-0.0076792335665069045
2017-06-13,64.31124877929688,0.012467928741720868
2017-06-14,63.96533584594727,-0.005378731402599701
2017-06-15,63.628536224365234,-0.005265345942889743
2017-06-16,63.71955871582031,0.0014305293953975617
2017-06-19,64.51150512695312,0.012428623598364386
2017-06-20,63.63764572143555,-0.01354579161961722
2017-06-21,63.96533584594727,0.005149312498864855
2017-06-22,63.956241607666016,-0.00014217447873887679
2017-06-23,64.82100677490234,0.01352120051927308
2017-06-26,64.20201873779297,-0.009549188880371373
2017-06-27,63.00043487548828,-0.018715671032278114
2017-06-28,63.53750991821289,0.008524941832323218
2017-06-29,62.34504318237305,-0.018767917366840692
2017-06-30,62.74557876586914,0.006424497651311922
2017-07-03,62.0537338256836,-0.011026194256126165
2017-07-05,62.882102966308594,0.013349223157980816
2017-07-06,62.41786956787109,-0.007382599762705722
2017-07-07,63.22798538208008,0.01297890844108518
2017-07-10,63.701358795166016,0.007486770458134728
2017-07-11,63.71046447753906,0.00014294329893860258
2017-07-12,64.7663803100586,0.016573664015458345
2017-07-13,65.33074188232422,0.00871380443933778
2017-07-14,66.25015258789062,0.014073171053567313
2017-07-17,66.76898193359375,0.00783136831292297
2017-07-18,66.7235107421875,-0.0006810226858254831
2017-07-19,67.23324584960938,0.007639512695778894
2017-07-20,67.56096649169922,0.0048743837657772016
2017-07-21,67.1695327758789,-0.00579378502331529
2017-07-24,66.99658966064453,-0.0025747255948828096
2017-07-25,67.53364562988281,0.008016168762598364
2017-07-26,67.40619659423828,-0.0018871931828323696
2017-07-27,66.5960464477539,-0.01201892685565975
2017-07-28,66.48681640625,-0.0016401880791767631
2017-07-31,66.17732238769531,-0.004654968237065349
2017-08-01,66.0680923461914,-0.0016505660483510098
2017-08-02,65.77680969238281,-0.004408824948089918
2017-08-03,65.67666625976562,-0.001522473240729183
2017-08-04,66.15912628173828,0.007345988300691442
2017-08-07,65.90423583984375,-0.003852687546221256
2017-08-08,66.25923156738281,0.005386538862262924
2017-08-09,65.96795654296875,-0.00439599158523063
2017-08-10,65.0030746459961,-0.014626523960071025
2017-08-11,65.9952621459961,0.015263701069578861
2017-08-14,66.98746490478516,0.015034454391499974
2017-08-15,67.00576782226562,0.00027322899152082414
2017-08-16,67.3992691040039,0.005872647900730721
2017-08-17,66.25536346435547,-0.016972077811159614
2017-08-18,66.33771514892578,0.0012429436692262819
2017-08-21,66.02658081054688,-0.004690157592561306
2017-08-22,66.95087432861328,0.013998809369192067
2017-08-23,66.54821014404297,-0.006014323018306289
2017-08-24,66.52074432373047,-0.000412720646476461
2017-08-25,66.63970947265625,0.0017883917285534956
2017-08-28,66.64885711669922,0.00013727016692244298
2017-08-29,66.85018920898438,0.003020788367497973
2017-08-30,67.72872924804688,0.013141922999141409
2017-08-31,68.42422485351562,0.010268841792699268
2017-09-01,67.6646728515625,-0.011100629982717325
2017-09-05,67.36265563964844,-0.004463440066821978
2017-09-06,67.17047882080078,-0.0028528688042777084
2017-09-07,68.03070831298828,0.012806660117496538
2017-09-08,67.70126342773438,-0.004842590844978845
2017-09-11,68.41510009765625,0.010543919474764962
2017-09-12,68.34187316894531,-0.00107033284474356
2017-09-13,68.82685089111328,0.007096348105195771
2017-09-14,68.42422485351562,-0.005849839595808759
2017-09-15,68.91838073730469,0.007221943468807446
2017-09-18,68.78111267089844,-0.001991748281630068
2017-09-19,69.03734588623047,0.0037253426904861886
2017-09-20,68.57978820800781,-0.0066276835001258805
2017-09-21,67.91175079345703,-0.009741024753890604
2017-09-22,68.09477996826172,0.002695103169425561
2017-09-25,67.04237365722656,-0.015455021831712656
2017-09-26,67.04237365722656,0.0
2017-09-27,67.58231353759766,0.008053710674560621
2017-09-28,67.60060119628906,0.000270598293164781
2017-09-29,68.16799926757812,0.008393387946973085
2017-10-02,68.2778091430664,0.0016108713277214193
2017-10-03,67.95750427246094,-0.004691200180930166
2017-10-04,68.35099792480469,0.005790289925394099
2017-10-05,69.52238464355469,0.017137814433063392
2017-10-06,69.54981994628906,0.0003946254558879758
2017-10-09,69.81520080566406,0.003815694412723669
2017-10-10,69.81520080566406,0.0
2017-10-11,69.9341812133789,0.0017042192293628133
2017-10-12,70.57478332519531,0.009160071665983205
2017-10-13,70.91336822509766,0.004797533679164356
2017-10-16,71.05978393554688,0.0020647123964618874
2017-10-17,71.00486755371094,-0.0007728194316738435
2017-10-18,71.02317810058594,0.0002578773470867102
2017-10-19,71.29772186279297,0.0038655516346819407
2017-10-20,72.12132263183594,0.011551572021163858
2017-10-23,72.13965606689453,0.0002542027016363413
2017-10-24,72.16707611083984,0.0003800966824667462
2017-10-25,71.95660400390625,-0.0029164560666187223
2017-10-26,72.0755844116211,0.0016535022651762432
2017-10-27,76.69698333740234,0.06411878534884452
2017-10-30,76.77021789550781,0.0009548557833531923
2017-10-31,76.1204605102539,-0.00846366472657789
2017-11-01,76.1204605102539,0.0
2017-11-02,76.91664123535156,0.010459483820258964
2017-11-03,76.99899291992188,0.0010706614751718746
2017-11-06,77.30097961425781,0.003921956416365058
2017-11-07,77.11791229248047,-0.002368240644437858
2017-11-08,77.38336181640625,0.00344212539000055
2017-11-09,76.9532241821289,-0.005558528657592543
2017-11-10,76.75189208984375,-0.0026162918373459076
2017-11-13,76.80680084228516,0.0007154058479383885
2017-11-14,76.91664123535156,0.001430086813431375
2017-11-15,76.31880187988281,-0.007772561904249908
2017-11-16,76.52113342285156,0.002651136259806508
2017-11-17,75.78536987304688,-0.009615167952869985
2017-11-20,75.9049301147461,0.0015776163908614027
2017-11-21,76.9994125366211,0.014419121659429157
2017-11-22,76.4383773803711,-0.0072862264498858575
2017-11-24,76.57632446289062,0.0018046835535647787
2017-11-27,77.1373519897461,0.007326383589060237
2017-11-28,78.06624603271484,0.012042078435518855
2017-11-29,76.64989471435547,-0.018142941288169956
2017-11-30,77.41326141357422,0.00995913565261275
2017-12-01,77.49605560302734,0.0010695091246808452
2017-12-04,74.57132720947266,-0.03774035169656342
2017-12-05,75.0403823852539,0.006290020485536729
2017-12-06,76.13484191894531,0.014584940786582123
2017-12-07,75.86812591552734,-0.003503205584926783
2017-12-08,77.40406799316406,0.020244892820297844
2017-12-11,78.38817596435547,0.012713905053133967
2017-12-12,78.7100830078125,0.004106576527605599
2017-12-13,78.49855041503906,-0.0026874904038970415
2017-12-14,77.89152526855469,-0.007732947210807084
2017-12-15,79.87812805175781,0.02550473593056113
2017-12-18,79.44583892822266,-0.005411858465874997
2017-12-19,78.94001007080078,-0.006366964768021122
2017-12-20,78.65489196777344,-0.003611832615319166
2017-12-21,78.63651275634766,-0.0002336690187472179
2017-12-22,78.64571380615234,0.00011700734788688827
2017-12-26,78.54454040527344,-0.001286445198123376
2017-12-27,78.82966613769531,0.0036301152308064744
2017-12-28,78.83883666992188,0.00011633351599571462
2017-12-29,78.67328643798828,-0.0020998563515937096
2018-01-02,79.05035400390625,0.00479282845537643
2018-01-03,79.41827392578125,0.004654247618635754
2018-01-04,80.11727142333984,0.008801469271566331
2018-01-05,81.11054229736328,0.012397712208332523
2018-01-08,81.1933364868164,0.0010207574392684382
2018-01-09,81.1381607055664,-0.0006795604619470597
2018-01-10,80.7702407836914,-0.004534486839184115
2018-01-11,81.00939178466797,0.002960880129316834
2018-01-12,82.40739440917969,0.017257290713004858
2018-01-16,81.25769805908203,-0.013951373639955578
2018-01-17,82.90401458740234,0.020260437689525457
2018-01-18,82.86725616455078,-0.0004433853177617797
2018-01-19,82.77527618408203,-0.0011099677330465019
2018-01-22,84.25601196289062,0.0178886238387852
2018-01-23,84.52275085449219,0.0031658143482871104
2018-01-24,84.44918823242188,-0.0008703292465830348
2018-01-25,84.91824340820312,0.005554288745681202
2018-01-26,86.50934600830078,0.018736876037922734
2018-01-29,86.38059997558594,-0.0014882326437017923
2018-01-30,85.29531860351562,-0.012563948066777186
2018-01-31,87.38308715820312,0.02447694186350624
2018-02-01,86.69330596923828,-0.00789376081112847
2018-02-02,84.41240692138672,-0.026309978865737382
2018-02-05,80.93583679199219,-0.04118553487797427
2018-02-06,83.99850463867188,0.0378406892184342
2018-02-07,82.41656494140625,-0.018832950706331064
2018-02-08,78.18585205078125,-0.05133328346835142
2018-02-09,81.10137176513672,0.03728960723561414
2018-02-12,81.97509002685547,0.010773162558199045
2018-02-13,82.61890411376953,0.00785377712550428
2018-02-14,83.9125747680664,0.015658288719436975
2018-02-15,85.62207794189453,0.020372431409156233
2018-02-16,85.01219177246094,-0.007123001264317308
2018-02-20,85.67748260498047,0.007825828491755837
2018-02-21,84.54093170166016,-0.013265456322525515
2018-02-22,84.7627182006836,0.0026234215138072337
2018-02-23,86.91574096679688,0.025400586623659294
2018-02-26,88.17242431640625,0.014458639317007638
2018-02-27,87.04508209228516,-0.012785655298255483
2018-02-28,86.64776611328125,-0.0045644850858165276
2018-03-01,85.79761505126953,-0.009811575071655643
2018-03-02,85.98243713378906,0.002154163404298526
2018-03-05,86.52763366699219,0.006340789484192033
2018-03-06,86.23193359375,-0.0034174062170728714
2018-03-07,86.73089599609375,0.00578628335871989
2018-03-08,87.25761413574219,0.006073016237168272
2018-03-09,89.20736694335938,0.02234478706447396
2018-03-12,89.41987609863281,0.002382192890060031
2018-03-13,87.23912811279297,-0.02438773213501677
2018-03-14,86.72168731689453,-0.005931292610231398
2018-03-15,87.026611328125,0.003516121752984658
2018-03-16,87.41472625732422,0.0044597270108091
2018-03-19,85.83460998535156,-0.018076087858712064
2018-03-20,86.0563735961914,0.002583615290821406
2018-03-21,85.45571899414062,-0.006979780543266645
2018-03-22,82.97004699707031,-0.029087251576933593
2018-03-23,80.55828857421875,-0.029067820377837394
2018-03-26,86.6570053100586,0.07570563928032148
2018-03-27,82.67436981201172,-0.045958609852683185
2018-03-28,82.60045623779297,-0.000894032508343523
2018-03-29,84.33763122558594,0.021031058022148663
2018-04-02,81.7965087890625,-0.030130351061514293
2018-04-03,82.89611053466797,0.013443137878184075
2018-04-04,85.317138671875,0.029205569737732473
2018-04-05,85.36334228515625,0.000541551369402482
2018-04-06,83.37661743164062,-0.02327374725885234
2018-04-09,83.8756103515625,0.005984806475640481
2018-04-10,85.82535552978516,0.023245674994797128
2018-04-11,84.88282775878906,-0.010981926788162233
2018-04-12,86.47216033935547,0.018723841117579187
2018-04-13,86.01017761230469,-0.0053425602556679275
2018-04-16,87.01736450195312,0.011710089638326204
2018-04-17,88.77305603027344,0.020176335359833875
2018-04-18,89.11495208740234,0.0038513494118339597
2018-04-19,88.80999755859375,-0.003422035490851183
2018-04-20,87.7843246459961,-0.011549070383894078
2018-04-23,88.10773468017578,0.003684143330644707
2018-04-24,86.047119140625,-0.023387453406113035
2018-04-25,85.29862976074219,-0.008698598946230485
2018-04-26,87.10053253173828,0.021124639118474953
2018-04-27,88.54203033447266,0.016549816181768096
2018-04-30,86.41674041748047,-0.024003175768206098
2018-05-01,87.7843246459961,0.01582545490501963
2018-05-02,86.40750885009766,-0.01568407345446532
2018-05-03,86.92497253417969,0.005988642549338508
2018-05-04,87.93217468261719,0.011587028664765464
2018-05-07,88.91167449951172,0.01113926523971398
2018-05-08,88.5328369140625,-0.004260830622994316
2018-05-09,89.57697296142578,0.011793771483645132
2018-05-10,90.4732894897461,0.010006104232906932
2018-05-11,90.27923583984376,-0.0021448722711062684
2018-05-14,90.5841827392578,0.003377818792740017
2018-05-15,89.9281234741211,-0.007242536669179178
2018-05-16,90.16012573242188,0.002579863221181755
2018-05-17,89.25991821289062,-0.00998454152784678
2018-05-18,89.42697143554688,0.0018715368107085073
2018-05-21,90.57774353027344,0.012868288797591276
2018-05-22,90.48493194580078,-0.001024662139454069
2018-05-23,91.56147003173828,0.011897429359645662
2018-05-24,91.2366714477539,-0.003547328192434973
2018-05-25,91.28307342529295,0.0005085891100884421
2018-05-29,90.95823669433594,-0.0035585647893732197
2018-05-30,91.83061981201172,0.009591029349078184
2018-05-31,91.72853088378906,-0.0011117090185348566
2018-06-01,93.53823852539062,0.019728950460291106
2018-06-04,94.35492706298828,0.00873106603751106
2018-06-05,94.8375015258789,0.00511445960387924
2018-06-06,95.11592864990234,0.0029358336053113554
2018-06-07,93.62174987792967,-0.015709027848241575
2018-06-08,94.31778717041016,0.0074345682855534445
2018-06-11,93.7795181274414,-0.005706972768521612
2018-06-12,94.02081298828124,0.0025730017135716654
2018-06-13,93.59391021728516,-0.0045405135036354904
2018-06-14,94.12289428710938,0.005651906930655537
2018-06-15,92.9257354736328,-0.012719103280279587
2018-06-18,93.60319519042967,0.007290334731750336
2018-06-19,93.60319519042967,0.0
2018-06-20,94.54052734375,0.010013890566592076
2018-06-21,93.86304473876952,-0.007166054855153869
2018-06-22,93.1855697631836,-0.0072176965649409786
2018-06-25,91.31089782714844,-0.020117620580089146
2018-06-26,91.9512710571289,0.007013108459328565
2018-06-27,90.52206420898438,-0.015543089635558949
2018-06-28,91.53363800048828,0.01117488648036713
2018-06-29,91.51508331298828,-0.000202708948374819
2018-07-02,92.81433868408205,0.0141971719202858
2018-07-03,91.92343139648438,-0.009598810918969192
2018-07-05,92.58235931396484,0.007168225853519061
2018-07-06,93.88162231445312,0.014033591389502442
2018-07-09,94.52196502685548,0.006820746133439748
2018-07-10,94.77253723144533,0.002650941551190167
2018-07-11,94.64260864257812,-0.0013709518882025762
2018-07-12,96.69359588623048,0.02167086551257258
2018-07-13,97.8443832397461,0.011901381295919888
2018-07-16,97.36180114746094,-0.004932138936403652
2018-07-17,98.32698059082033,0.009913327732069765
2018-07-18,97.55670166015624,-0.00783385115698354
2018-07-19,96.88849639892578,-0.006849403986188274
2018-07-20,98.62395477294922,0.017911913576178495
2018-07-23,100.20162963867188,0.015996872862731548
2018-07-24,99.91393280029295,-0.0028711792354710886
2018-07-25,102.85587310791016,0.029444745343950363
2018-07-26,101.73292541503906,-0.010917681790450273
2018-07-27,99.9324951171875,-0.01769761648459789
2018-07-30,97.78872680664062,-0.021452164363883308
2018-07-31,98.44760131835938,0.006737734841578913
2018-08-01,98.63321685791016,0.001885424703752081
2018-08-02,99.8304214477539,0.012137945288436036
2018-08-03,100.2666015625,0.004369210391186984
2018-08-06,100.3501205444336,0.0008329691106716552
2018-08-07,101.04615783691406,0.006936088254844375
2018-08-08,101.61225128173828,0.0056023252832422266
2018-08-09,101.7793197631836,0.001644176556841348
2018-08-10,101.15753173828124,-0.006109178429853035
2018-08-13,100.42435455322266,-0.007247875392565772
2018-08-14,101.67721557617188,0.012475669159369485
2018-08-15,100.29843139648438,-0.013560404579082697
2018-08-16,100.27980041503906,-0.0001857554618343027
2018-08-17,100.22389221191406,-0.000557522082150208
2018-08-20,99.56246948242188,-0.0065994516366783
2018-08-21,98.73331451416016,-0.008327987167977113
2018-08-22,99.73947143554688,0.010190652732947836
2018-08-23,100.20526885986328,0.004670141295238572
2018-08-24,100.9878387451172,0.007809668036002693
2018-08-27,102.10578918457033,0.011070149171869215
2018-08-28,102.72066497802734,0.006021948396535581
2018-08-29,104.36029052734376,0.015961983400975432
2018-08-30,104.29508972167967,-0.0006247664253771212
2018-08-31,104.64913177490234,0.003394618616921141
2018-09-04,104.07151794433594,-0.005519528167790666
2018-09-05,101.07168579101562,-0.028824717968703117
2018-09-06,101.3045654296875,0.0023041036354474187
2018-09-07,100.81082916259766,-0.004873781008739697
2018-09-10,101.90082550048828,0.01081229414483409
2018-09-11,103.6336441040039,0.01700495157919324
2018-09-12,104.07151794433594,0.004225209333492019
2018-09-13,105.18944549560548,0.010741916456599387
2018-09-14,105.61800384521484,0.004074157322440319
2018-09-17,104.47209930419922,-0.010849519014721865
2018-09-18,105.46894073486328,0.009541700007017928
2018-09-19,104.06220245361328,-0.013337938841979868
2018-09-20,105.80430603027344,0.01674098313877903
2018-09-21,106.44715118408205,0.00607579386820678
2018-09-24,106.82910919189452,0.0035882407707834574
2018-09-25,106.62416076660156,-0.0019184698519277843
2018-09-26,106.18628692626952,-0.004106703745040852
2018-09-27,106.5868911743164,0.003772655204763442
2018-09-28,106.54962158203124,-0.000349663939669842
2018-10-01,107.70481872558594,0.01084186997947545
2018-10-02,107.27627563476562,-0.0039788664601179136
2018-10-03,107.29492950439452,0.00017388625321412832
2018-10-04,105.07765197753906,-0.0206652591795089
2018-10-05,104.46277618408205,-0.005851632405989182
2018-10-08,103.2703094482422,-0.011415231141650883
2018-10-09,104.58390808105467,0.012720002872372849
2018-10-10,98.90099334716795,-0.054338328316076545
2018-10-11,98.6681137084961,-0.0023546744151941024
2018-10-12,102.0778579711914,0.03455771205649083
2018-10-15,100.2425308227539,-0.01797967928515376
2018-10-16,103.41004180908205,0.03159847382473657
2018-10-17,103.13988494873048,-0.002612481879180839
2018-10-18,101.08100128173828,-0.019962051227957467
2018-10-19,101.23007202148438,0.0014747651671018769
2018-10-22,102.13372802734376,0.008926754548466587
2018-10-23,100.70834350585938,-0.013956060833330008
2018-10-24,95.32357788085938,-0.05346891267938203
2018-10-25,100.89468383789062,0.05844415496021682
2018-10-26,99.64630126953124,-0.012373125331015311
2018-10-29,96.74895477294922,-0.029076307496301745
2018-10-30,96.63716888427734,-0.0011554221845002655
2018-10-31,99.5065460205078,0.0296922723353632
2018-11-01,98.67741394042967,-0.008332437545437887
2018-11-02,98.90099334716795,0.0022657607025784454
2018-11-05,100.15869903564452,0.012716815533507342
2018-11-06,100.35433197021484,0.0019532295891813156
2018-11-07,104.30443572998048,0.039361566981862106
2018-11-08,104.1087875366211,-0.001875741831976141
2018-11-09,102.0778579711914,-0.019507763114763876
2018-11-12,99.56246948242188,-0.024641861994002978
2018-11-13,99.62767791748048,0.0006549499565207118
2018-11-14,98.21485137939452,-0.014181064615961247
2018-11-15,100.37618255615234,0.022006154328013006
2018-11-16,101.3211898803711,0.009414656945038624
2018-11-19,97.88739776611328,-0.03389016767679154
2018-11-20,95.16463470458984,-0.027815256342078487
2018-11-21,96.47453308105467,0.013764550040369805
2018-11-23,96.4371337890625,-0.00038765973566046164
2018-11-26,99.61831665039062,0.03298711540189836
2018-11-27,100.24519348144533,0.006292786830103925
2018-11-28,103.96907806396484,0.03714776193442915
2018-11-29,103.09893035888672,-0.008369293267588507
2018-11-30,103.7538833618164,0.0063526653540419975
2018-12-03,104.87663269042967,0.01082127523552967
2018-12-04,101.53638458251952,-0.031849307345419464
2018-12-06,102.16329193115234,0.006174213817149887
2018-12-07,98.07450103759766,-0.040022113777521184
2018-12-10,100.6662368774414,0.026426194499324485
2018-12-11,101.60187530517578,0.009294461149605526
2018-12-12,102.06035614013672,0.0045125233523872765
2018-12-13,102.4065170288086,0.00339172722654979
2018-12-14,99.2066421508789,-0.031246789469751346
2018-12-17,96.26868438720705,-0.029614526809642938
2018-12-18,97.27922058105467,0.010497039616570447
2018-12-19,97.01722717285156,-0.002693210396199852
2018-12-20,94.9774932861328,-0.021024450462644673
2018-12-21,91.90857696533205,-0.0323120374587611
2018-12-24,88.07240295410156,-0.04173902086066994
2018-12-26,94.08863067626952,0.06831002130489483
2018-12-27,94.66875457763672,0.006165717336914289
2018-12-28,93.9295654296875,-0.007808163857727979
2018-12-31,95.03365325927734,0.011754422843745838
2019-01-02,94.6125946044922,-0.004430626839487917
2019-01-03,91.13199615478516,-0.03678789768166646
2019-01-04,95.3704833984375,0.046509320792813336
2019-01-07,95.49210357666016,0.001275239192345845
2019-01-08,96.18448638916016,0.007250681329311837
2019-01-09,97.55990600585938,0.014299807259294361
2019-01-10,96.93299865722656,-0.006425870773134612
2019-01-11,96.18448638916016,-0.007721955148765058
2019-01-14,95.4827651977539,-0.007295575593834314
2019-01-15,98.25225067138672,0.02900508241353239
2019-01-16,98.59844207763672,0.003523495939119714
2019-01-17,99.2908706665039,0.007022713283055371
2019-01-18,100.77852630615234,0.01498280385359041
2019-01-22,98.87913513183594,-0.01884718147739428
2019-01-23,99.84286499023438,0.009746544173484972
2019-01-24,99.3656997680664,-0.004779161958289535
2019-01-25,100.27328491210938,0.009133787073018151
2019-01-28,98.31777954101562,-0.01950175834777701
2019-01-29,96.3154754638672,-0.02036563566117877
2019-01-30,99.53410339355467,0.033417557398602415
2019-01-31,97.70960998535156,-0.01833033448836252
2019-02-01,96.1657943725586,-0.01580003863513957
2019-02-04,98.935302734375,0.028799308318371297
2019-02-05,100.32006072998048,0.013996601388316599
2019-02-06,99.2066421508789,-0.011098663328149572
2019-02-07,98.49552154541016,-0.0071680745366549115
2019-02-08,98.86980438232422,0.003799998528273285
2019-02-11,98.47681427001952,-0.003974824414388789
2019-02-12,100.01130676269533,0.015582271868262332
2019-02-13,99.9364242553711,-0.0007487404149404409
2019-02-14,100.02064514160156,0.0008427446434871033
2019-02-15,101.25569152832033,0.012347914622728995
2019-02-19,101.20891571044922,-0.0004619574185420472
2019-02-20,100.6827392578125,-0.005198914037791602
2019-02-21,102.80632781982422,0.02109188305429366
2019-02-22,104.27215576171876,0.014258149016503241
2019-02-25,104.854736328125,0.005587115391932018
2019-02-26,105.5782699584961,0.0069003428524860855
2019-02-27,105.39971923828124,-0.0016911692177287163
2019-02-28,105.26818084716795,-0.001247995649930611
2019-03-01,105.73797607421876,0.004462841698887887
2019-03-04,105.48431396484376,-0.002398968835917059
2019-03-05,104.95811462402344,-0.00498841316819576
2019-03-06,105.00505828857422,0.00044726093564984026
2019-03-07,103.72713470458984,-0.012170114514601704
2019-03-08,103.83992767333984,0.0010874007950882891
2019-03-11,106.01986694335938,0.02099326645216082
2019-03-12,106.76221466064452,0.0070019680149358
2019-03-13,107.5890884399414,0.00774500399720246
2019-03-14,107.67365264892578,0.0007859924292561438
2019-03-15,108.91398620605467,0.011519378479460052
2019-03-18,110.47379302978516,0.014321455655653681
2019-03-19,110.54895782470705,0.0006803857535844227
2019-03-20,110.42681121826172,-0.0011049096151499738
2019-03-21,112.96385192871094,0.022974861652345302
2019-03-22,109.98516845703124,-0.026368465848344846
2019-03-25,110.55834197998048,0.005211371051117464
2019-03-26,110.79327392578124,0.002124959017957284
2019-03-27,109.72207641601562,-0.009668434479905286
2019-03-28,109.87242126464844,0.0013702333527008115
2019-03-29,110.82145690917967,0.008637614731774379
2019-04-01,111.83627319335938,0.009157218398702094
2019-04-02,111.99602508544922,0.001428444345723534
2019-04-03,112.72891998291016,0.006543936687947394
2019-04-04,112.1557388305664,-0.0050845972127706585
2019-04-05,112.65375518798828,0.004440400131233924
2019-04-08,112.69133758544922,0.00033360980642171967
2019-04-09,112.0805892944336,-0.005419656063204714
2019-04-10,112.93566131591795,0.0076290821351598925
2019-04-11,113.06719970703124,0.0011647197136901433
2019-04-12,113.6497802734375,0.005152516095877413
2019-04-15,113.74374389648438,0.0008267822676013559
2019-04-16,113.48064422607422,-0.0023130913525195584
2019-04-17,114.42024230957033,0.008279809212434985
2019-04-18,115.92374420166016,0.0131401739914343
2019-04-22,116.29019165039062,0.0031611077717865754
2019-04-23,117.86878967285156,0.01357464460293234
2019-04-24,117.46475982666016,-0.003427793288730663
2019-04-25,121.35485076904295,0.03311708931362323
2019-04-26,122.05018615722656,0.005729770040316939
2019-04-29,121.9374542236328,-0.0009236522871709507
2019-04-30,122.71731567382812,0.00639558579569055
2019-05-01,120.16151428222656,-0.02082673808148361
2019-05-02,118.59231567382812,-0.013059078173006555
2019-05-03,121.11994171142578,0.021313573507996564
2019-05-06,120.41519927978516,-0.005818549957031127
2019-05-07,117.94393920898438,-0.020522825071765283
2019-05-08,117.93456268310548,-7.949985342003973e-05
2019-05-09,117.9251480102539,-7.982963295394274e-05
2019-05-10,119.45675659179688,0.012987972518039959
2019-05-13,115.9049301147461,-0.029733156820823003
2019-05-14,117.2016372680664,0.011187679005859152
2019-05-15,118.8520965576172,0.01408222041963314
2019-05-16,121.5965805053711,0.02309159053347809
2019-05-17,120.7854995727539,-0.006670261032392766
2019-05-20,119.04071807861328,-0.01444528937920797
2019-05-21,119.68203735351562,0.005387394206399332
2019-05-22,120.4082489013672,0.006067840788058332
2019-05-23,119.00299835205078,-0.011670716600716724
2019-05-24,119.05957794189452,0.00047544675871402653
2019-05-28,118.984130859375,-0.0006336918358331722
2019-05-29,117.8335418701172,-0.009670104584095007
2019-05-30,118.57858276367188,0.0063228252476352775
2019-05-31,116.64519500732422,-0.016304696103519034
2019-06-03,113.02359008789062,-0.03104804204927769
2019-06-04,116.15477752685548,0.027703839849096523
2019-06-05,118.6728973388672,0.021679003357649496
2019-06-06,120.54972839355467,0.015815161648309983
2019-06-07,123.92606353759766,0.02800782041598948
2019-06-10,125.0578384399414,0.009132662412054904
2019-06-11,124.58633422851562,-0.00377028915026556
2019-06-12,124.01097106933594,-0.004618188365060671
2019-06-13,124.79376983642578,0.006312334790541829
2019-06-14,124.91634368896484,0.0009822113131106036
2019-06-17,125.29358673095705,0.0030199654492890637
2019-06-18,127.47220611572266,0.017388115717716257
2019-06-19,127.97209930419922,0.003921585761391455
2019-06-20,129.16043090820312,0.009285864735086857
2019-06-21,129.1792449951172,0.00014566447929742488
2019-06-24,129.9431915283203,0.005913848878989825
2019-06-25,125.84064483642578,-0.03157184800252044
2019-06-26,126.31219482421876,0.003747199391785694
2019-06-27,126.51966857910156,0.0016425473025112325
2019-06-28,126.34046936035156,-0.0014163743927132488
2019-07-01,127.96261596679688,0.012839485357764469
2019-07-02,128.8114471435547,0.006633430946566987
2019-07-03,129.64141845703125,0.006443304006604311
2019-07-05,129.26416015625,-0.002910013676734713
2019-07-08,129.16983032226562,-0.0007297446861554979
2019-07-09,128.6982879638672,-0.003650561104105998
2019-07-10,130.0092315673828,0.010186177487331305
2019-07-11,130.5279541015625,0.0039898900095478584
2019-07-12,130.9994659423828,0.0036123437624207
2019-07-15,130.9994659423828,0.0
2019-07-16,129.28298950195312,-0.013102927008760812
2019-07-17,128.51910400390625,-0.005908631143119791
2019-07-18,128.6605682373047,0.0011007253318084942
2019-07-19,128.84918212890625,0.0014659805578791651
2019-07-22,130.5561981201172,0.01324817094689168
2019-07-23,131.36727905273438,0.006212504226501547
2019-07-24,132.7159881591797,0.01026670504383298
2019-07-25,132.21612548828125,-0.003766408839143809
2019-07-26,133.30072021484375,0.00820319550703097
2019-07-29,133.00836181640625,-0.002193224447447073
2019-07-30,132.36700439453125,-0.004821933095907727
2019-07-31,128.51910400390625,-0.029069936335160973
2019-08-01,130.20726013183594,0.01313544893589036
2019-08-02,129.11325073242188,-0.008402061438865793
2019-08-05,124.68999481201172,-0.034258729412498856
2019-08-06,127.02896881103516,0.018758313387932768
2019-08-07,127.5854034423828,0.0043803758824130234
2019-08-08,130.9900360107422,0.026685126013626714
2019-08-09,129.877197265625,-0.008495598436402685
2019-08-12,128.06639099121094,-0.013942449579587124
2019-08-13,130.7165985107422,0.020694012683726948
2019-08-14,126.78010559082033,-0.03011471354648476
2019-08-15,126.49620819091795,-0.0022392898205861878
2019-08-16,128.81455993652344,0.018327440630524272
2019-08-19,130.9720458984375,0.0167487740747414
2019-08-20,129.8838348388672,-0.00830872765333579
2019-08-21,131.3316192626953,0.01114676376489987
2019-08-22,130.37591552734375,-0.007277026969719436
2019-08-23,126.22183227539062,-0.03186235153287875
2019-08-26,128.17111206054688,0.015443285444496802
2019-08-27,128.44552612304688,0.002140997749714213
2019-08-28,128.2752227783203,-0.001325879926432183
2019-08-29,130.69761657714844,0.018884346847047873
2019-08-30,130.45159912109375,-0.0018823407993019403
2019-09-03,128.72938537597656,-0.013201936631827116
2019-09-04,130.2339630126953,0.0116879112902184
2019-09-05,132.52389526367188,0.017583218678167256
2019-09-06,131.6249542236328,-0.0067832373795723155
2019-09-09,130.12986755371094,-0.011358687102612008
2019-09-10,128.7672576904297,-0.010471153847281367
2019-09-11,128.80508422851562,0.00029375897851990906
2019-09-12,130.12986755371094,0.010285178827607266
2019-09-13,129.94065856933594,-0.0014540012061174945
2019-09-16,129.00384521484375,-0.007209547533517435
2019-09-17,130.0068817138672,0.0077752449731476325
2019-09-18,131.07614135742188,0.008224638799567696
2019-09-19,133.48910522460938,0.0184088716848001
2019-09-20,131.94671630859375,-0.011554417968570485
2019-09-23,131.662841796875,-0.002151432939451303
2019-09-24,129.99740600585938,-0.012649246881553777
2019-09-25,131.87100219726562,0.014412565980907344
2019-09-26,132.0413360595703,0.0012916703404579621
2019-09-27,130.32861328125,-0.01297111063423062
2019-09-30,131.55874633789062,0.009438702873220794
2019-10-01,129.7040557861328,-0.014097812599964232
2019-10-02,127.41409301757812,-0.017655290381440203
2019-10-03,128.95645141601562,0.012105084782298992
2019-10-04,130.69761657714844,0.013501962422304725
2019-10-07,129.7513885498047,-0.007239826189066045
2019-10-08,128.3792724609375,-0.010574962658996934
2019-10-09,130.8111572265625,0.018942970457828112
2019-10-10,131.6249542236328,0.006221158915831859
2019-10-11,132.17379760742188,0.004169751754341089
2019-10-14,132.05078125,-0.0009307166749287221
2019-10-15,133.96224975585938,0.014475253290933354
2019-10-16,132.86453247070312,-0.008194228502110046
2019-10-17,132.1832275390625,-0.005127816423023623
2019-10-18,130.0258026123047,-0.016321472602265352
2019-10-21,130.99095153808594,0.007422749226621006
2019-10-22,129.04171752929688,-0.01488067676355731
2019-10-23,129.86489868164062,0.006379186267083448
2019-10-24,132.41983032226562,0.01967376609508875
2019-10-25,133.16737365722656,0.0056452521736485295
2019-10-28,136.4414520263672,0.024586190139696873
2019-10-29,135.15452575683594,-0.009432076912246234
2019-10-30,136.8388671875,0.012462338358498304
2019-10-31,135.66551208496094,-0.008574720959442783
2019-11-01,135.9967041015625,0.0024412395715880386
2019-11-04,136.78211975097656,0.005775255029912385
2019-11-05,136.69691467285156,-0.0006229255569377701
2019-11-06,136.3184051513672,-0.0027689690172615355
2019-11-07,136.5076904296875,0.0013885526177490615
2019-11-08,138.1162872314453,0.011783928046063874
2019-11-11,138.25827026367188,0.001027996299876266
2019-11-12,139.1666717529297,0.006570322972545561
2019-11-13,139.39376831054688,0.0016318314921
2019-11-14,140.10345458984375,0.005091233904487069
2019-11-15,141.91082763671875,0.012900274673212975
2019-11-18,142.26092529296875,0.0024670256814105507
2019-11-19,142.30825805664062,0.00033271795171030405
2019-11-20,142.0614013671875,-0.001734661732384346
2019-11-21,141.92848205566406,-0.0009356469121396538
2019-11-22,142.03289794921875,0.0007356937243487849
2019-11-25,143.5900421142578,0.010963264057287647
2019-11-26,144.34967041015625,0.005290257490794481
2019-11-27,144.62506103515625,0.0019078022431051611
2019-11-29,143.73248291015625,-0.006171669824104886
2019-12-02,141.99497985839844,-0.012088450825996522
2019-12-03,141.76707458496094,-0.0016050234569192634
2019-12-04,142.27976989746094,0.0036164625248913396
2019-12-05,142.35572814941406,0.0005338654399558163
2019-12-06,144.0837860107422,0.012139011782612563
2019-12-09,143.71348571777344,-0.002570034444688618
2019-12-10,143.49514770507812,-0.0015192590424262242
2019-12-11,144.0363311767578,0.003771440918629354
2019-12-12,145.49853515625,0.01015163304665001
2019-12-13,146.723388671875,0.008418321973548748
2019-12-16,147.6728057861328,0.006470795984551803
2019-12-17,146.87522888183594,-0.005400973456493818
2019-12-18,146.57144165039062,-0.0020683353738956134
2019-12-19,147.84376525878906,0.008680569653079173
2019-12-20,149.45785522460938,0.010917538274238137
2019-12-23,149.45785522460938,0.0
2019-12-24,149.4293670654297,-0.00019060998257247608
2019-12-26,150.65420532226562,0.00819677069434177
2019-12-27,150.9295654296875,0.001827762503096686
2019-12-30,149.62875366210938,-0.008618667680350023
2019-12-31,149.73321533203125,0.0006981390098173001
2020-01-02,152.50564575195312,0.018515801011646182
2020-01-03,150.60670471191406,-0.012451611418554553
2020-01-06,150.9959716796875,0.0025846589533848885
2020-01-07,149.61924743652344,-0.009117622330247044
2020-01-08,152.00244140625,0.01592839163783144
2020-01-09,153.90138244628906,0.012492832499734874
2020-01-10,153.1893310546875,-0.00462667313498677
2020-01-13,155.03131103515625,0.012024205392026754
2020-01-14,153.93942260742188,-0.007043018732433737
2020-01-15,154.93634033203125,0.006476039131001032
2020-01-16,157.77532958984375,0.018323585362404415
2020-01-17,158.6583709716797,0.005596827996693143
2020-01-21,158.08863830566406,-0.003590939844688834
2020-01-22,157.3291015625,-0.004804499243617366
2020-01-23,158.29757690429688,0.006155729182831138
2020-01-24,156.70242309570312,-0.010076931307408055
2020-01-27,154.08184814453125,-0.01672325736514879
2020-01-28,157.10118103027344,0.01959564297872385
2020-01-29,159.55084228515625,0.015592888855563425
2020-01-30,164.0514373779297,0.028207905569873404
2020-01-31,161.6302032470703,-0.01475899370074707
2020-02-03,165.570556640625,0.0243788185276943
2020-02-04,171.0205841064453,0.03291664639172365
2020-02-05,170.81167602539062,-0.0012215376420692259
2020-02-06,174.353271484375,0.020733919023532943
2020-02-07,174.60015869140625,0.0014160170608177314
2020-02-10,179.16708374023438,0.02615647707915225
2020-02-11,175.12234497070312,-0.022575233603709943
2020-02-12,175.37869262695312,0.0014638203725110266
2020-02-13,174.42926025390625,-0.005413613015501251
2020-02-14,175.9863739013672,0.008926906215128927
2020-02-18,177.77139282226562,0.010142938236223031
2020-02-19,178.30459594726562,0.0029993753018129343
2020-02-20,175.58160400390625,-0.0152715746270764
2020-02-21,170.03102111816406,-0.03161255370248639
2020-02-24,162.7000274658203,-0.043115624455663526
2020-02-25,160.01519775390625,-0.016501716402464006
2020-02-26,162.0145721435547,0.012494903094913301
2020-02-27,150.5991668701172,-0.07045912674646793
2020-02-28,154.24562072753906,0.02421297496663266
2020-03-02,164.5089569091797,0.06653891457813166
2020-03-03,156.6258087158203,-0.04791926434565763
2020-03-04,162.37637329101562,0.03671530651521837
2020-03-05,158.30148315429688,-0.02509533902087846
2020-03-06,153.8267364501953,-0.02826724434249306
2020-03-09,143.4014434814453,-0.06777295813023643
2020-03-10,153.20785522460938,0.06838433076465456
2020-03-11,146.2672119140625,-0.04530213741568012
2020-03-12,132.39549255371094,-0.09483820180083635
2020-03-13,151.21804809570312,0.14216915681140851
2020-03-16,128.9299774169922,-0.14739028151325706
2020-03-17,139.5455780029297,0.08233617036636831
2020-03-18,133.6713104248047,-0.042095691330338525
2020-03-19,135.87059020996094,0.01645289313142051
2020-03-20,130.76747131347656,-0.037558671737559446
2020-03-23,129.46310424804688,-0.009974705883108004
2020-03-24,141.2307586669922,0.09089581535445723
2020-03-25,139.8788604736328,-0.009572264612321524
2020-03-26,148.62840270996094,0.06255085440860753
2020-03-27,142.5255889892578,-0.04106088479341585
2020-03-30,152.55087280273438,0.07034023773956943
2020-03-31,150.1517333984375,-0.01572681532539799
2020-04-01,144.82005310058594,-0.03550861636544411
2020-04-02,147.8191375732422,0.020709041382364513
2020-04-03,146.4576416015625,-0.009210552801426575
2020-04-06,157.34939575195312,0.07436794715035489
2020-04-07,155.65472412109375,-0.010770118453653721
2020-04-08,157.21609497070312,0.010030989155168202
2020-04-09,157.22564697265625,6.075715056330644e-05
2020-04-13,157.57791137695312,0.0022405021768372446
2020-04-14,165.37538146972656,0.04948326846470619
2020-04-15,163.6426239013672,-0.010477723787905902
2020-04-16,168.5552978515625,0.03002074785329989
2020-04-17,170.04052734375,0.008811526609477704
2020-04-20,166.67019653320312,-0.019820750165832512
2020-04-21,159.77720642089844,-0.04135706476431433
2020-04-22,165.20401000976562,0.033964817075168074
2020-04-23,163.2046661376953,-0.012102272045043772
2020-04-24,166.18466186523438,0.0182592556822172
2020-04-27,165.7085723876953,-0.0028648220130275126
2020-04-28,161.6717987060547,-0.024360681064803935
2020-04-29,168.92660522460938,0.044873667371915005
2020-04-30,170.62132263183594,0.010032270553079758
2020-05-01,166.2036895751953,-0.025891447730556627
2020-05-04,170.26904296875,0.024460067065571467
2020-05-05,172.09701538085938,0.010735788374900634
2020-05-06,173.791748046875,0.009847542458915282
2020-05-07,174.8009490966797,0.00580695609053028
2020-05-08,175.8291778564453,0.005882283620765261
2020-05-11,177.79046630859375,0.011154510736265388
2020-05-12,173.76312255859375,-0.022652191839182656
2020-05-13,171.13543701171875,-0.015122227939872168
2020-05-14,171.87806701660156,0.004339428571020987
2020-05-15,174.3820037841797,0.014568099415129376
2020-05-18,176.04818725585938,0.009554790262312984
2020-05-19,174.82948303222656,-0.006922560479771467
2020-05-20,177.25450134277344,0.013870762919889534
2020-05-21,175.1254425048828,-0.012011310413908571
2020-05-22,175.20184326171875,0.0004362630337610973
2020-05-26,173.3496551513672,-0.010571738720720814
2020-05-27,173.5787811279297,0.001321756171723809
2020-05-28,173.18734741210938,-0.0022550781453628543
2020-05-29,174.95358276367188,0.010198408705687001
2020-06-01,174.5526123046875,-0.002291867663699154
2020-06-02,176.53843688964844,0.01137665348424921
2020-06-03,176.9680633544922,0.0024336143018661716
2020-06-04,174.63853454589844,-0.013163554849596637
2020-06-05,178.7247772216797,0.023398287705553855
2020-06-08,179.8322296142578,0.006196412214320546
2020-06-09,181.20706176757807,0.0076450820649296425
2020-06-10,187.9283142089844,0.03709155910285222
2020-06-11,177.83685302734375,-0.05369846062908068
2020-06-12,179.24034118652344,0.007891998397901778
2020-06-15,180.3860015869141,0.006391755297979751
2020-06-16,184.8063507080078,0.024504945407107348
2020-06-17,185.44601440429688,0.0034612646905176625
2020-06-18,187.431884765625,0.01070861710189508
2020-06-19,186.31483459472656,-0.0059597659826942095
2020-06-22,191.48944091796875,0.027773453114981583
2020-06-23,192.7687530517578,0.006680849490479757
2020-06-24,188.883056640625,-0.020157293905872398
2020-06-25,191.26983642578125,0.012636283145806004
2020-06-26,187.44143676757807,-0.020015699964739175
2020-06-29,189.45590209960932,0.01074717184615448
2020-06-30,194.2963409423828,0.025549158348355805
2020-07-01,195.4324951171875,0.005847532533520994
2020-07-02,196.92189025878903,0.0076210209602474155
2020-07-06,201.1608123779297,0.021525906102008108
2020-07-07,198.82180786132807,-0.011627535646491771
2020-07-08,203.19439697265625,0.021992502524561752
2020-07-09,204.616943359375,0.007000913449942026
2020-07-10,203.99639892578125,-0.0030327128506844048
2020-07-13,197.6951904296875,-0.030888822201152077
2020-07-14,198.9172515869141,0.006181542173941956
2020-07-15,198.6212921142578,-0.0014878522113853654
2020-07-16,194.68780517578125,-0.019803954030335302
2020-07-17,193.69488525390625,-0.0051000622302896925
2020-07-20,202.02008056640625,0.04298097650635868
2020-07-21,199.2991180419922,-0.013468772593225764
2020-07-22,202.1632843017578,0.01437119385125496
2020-07-23,193.37026977539065,-0.04349461652612607
2020-07-24,192.1864013671875,-0.006122287617317146
2020-07-27,194.6209716796875,0.01266775534158926
2020-07-28,192.87380981445312,-0.008977253839375088
2020-07-29,194.8214874267578,0.010098196401981063
2020-07-30,194.66873168945312,-0.0007840805412293594
2020-07-31,195.7284698486328,0.005443802658920305
2020-08-03,206.73643493652344,0.05624100109914343
2020-08-04,203.6335906982422,-0.015008695681697048
2020-08-05,203.2994537353516,-0.0016408735010018383
2020-08-06,206.5550537109375,0.01601381565847171
2020-08-07,202.8602294921875,-0.01788784225982054
2020-08-10,198.82180786132807,-0.01990740935751012
2020-08-11,194.17225646972656,-0.023385520137933824
2020-08-12,199.7192230224609,0.028567245669306907
2020-08-13,199.25135803222656,-0.0023426137111585144
2020-08-14,199.4423370361328,0.0009584828218605068
2020-08-17,200.7598419189453,0.006605943865237718
2020-08-18,201.9150390625,0.005754124592412646
2020-08-19,200.6900787353516,-0.006066711686439796
2020-08-20,205.36038208007807,0.02327122184692132
2020-08-21,203.867416381836,-0.007269979161121265
2020-08-24,204.50865173339844,0.003145354774896525
2020-08-25,207.16921997070312,0.013009563237319943
2020-08-26,211.64810180664065,0.021619436693206318
2020-08-27,216.84478759765625,0.02455342498541868
2020-08-28,219.0746917724609,0.010283411464526937
2020-08-31,215.83990478515625,-0.014765680878667808
2020-09-01,217.50515747070312,0.007715221553699525
2020-09-02,221.6969757080078,0.019272270533949643
2020-09-03,207.9635162353516,-0.061946986100271606
2020-09-04,205.04458618164065,-0.014035779479740995
2020-09-08,193.9525451660156,-0.05409575167129299
2020-09-09,202.21177673339844,0.042583775120420775
2020-09-10,196.5460968017578,-0.02801854581946739
2020-09-11,195.26368713378903,-0.006524727220923898
2020-09-14,196.5844268798828,0.006763877941057483
2020-09-15,199.80958557128903,0.01640597244957176
2020-09-16,196.2399139404297,-0.017865367272811516
2020-09-17,194.1918182373047,-0.010436692831748418
2020-09-18,191.78012084960932,-0.012419150351371866
2020-09-21,193.83770751953125,0.01072888399906402
2020-09-22,198.50802612304688,0.024093963260708895
2020-09-23,191.97149658203125,-0.03292828843587359
2020-09-24,194.4597930908203,0.01296180189815721
2020-09-25,198.890853881836,0.022786513965620703
2020-09-28,200.4412384033203,0.007795152422672036
2020-09-29,198.3548889160156,-0.010408783661107868
2020-09-30,201.29299926757807,0.014812391908356037
2020-10-01,203.3314819335937,0.010126942682720408
2020-10-02,197.33087158203125,-0.029511467159434757
2020-10-05,201.34083557128903,0.020321016965613614
2020-10-06,197.0629119873047,-0.02124717309256252
2020-10-07,200.81451416015625,0.01903758619528184
2020-10-08,201.53225708007807,0.0035741585857156366
2020-10-09,206.5375213623047,0.024836045379265537
2020-10-12,211.8873748779297,0.025902574410391788
2020-10-13,213.2846527099609,0.006594436468129405
2020-10-14,211.37057495117188,-0.008974287340739573
2020-10-15,210.22213745117188,-0.005433289379400574
2020-10-16,210.22213745117188,0.0
2020-10-19,205.015853881836,-0.02476562950248351
2020-10-20,205.4273834228516,0.0020073059386558345
2020-10-21,205.5709381103516,0.0006988098913984775
2020-10-22,205.65708923339844,0.0004190822099601199
2020-10-23,206.93948364257807,0.006235595446574926
2020-10-26,201.05377197265625,-0.028441704629395437
2020-10-27,204.08750915527344,0.015089183121765881
2020-10-28,193.9716644287109,-0.04956621190798216
2020-10-29,195.9240264892578,0.010065192079972363
2020-10-30,193.77069091796875,-0.010990666177469133
2020-11-02,193.63673400878903,-0.0006913166720163844
2020-11-03,197.56057739257807,0.02026394115700647
2020-11-04,207.09263610839844,0.04824878951876599
2020-11-05,213.69618225097656,0.03188691914241515
2020-11-06,214.1076812744141,0.00192562646231198
2020-11-09,209.00669860839844,-0.023824379562907505
2020-11-10,201.9438018798828,-0.03379268117022838
2020-11-11,207.2457275390625,0.026254460943214708
2020-11-12,206.18345642089844,-0.00512565991481706
2020-11-13,207.20748901367188,0.004966608914941162
2020-11-16,207.89654541015625,0.003325441564705711
2020-11-17,205.2455596923828,-0.01275146593967369
2020-11-18,202.5396423339844,-0.013183804621420214
2020-11-19,203.82540893554688,0.006348221941866905
2020-11-20,201.8775787353516,-0.009556365962259505
2020-11-23,201.60890197753903,-0.001330889539569835
2020-11-24,205.2071685791016,0.017847756553742933
2020-11-25,205.21676635742188,4.67711649001501e-05
2020-11-27,206.52175903320312,0.006359093844741537
2020-11-30,205.40869140625,-0.005389590095318586
2020-12-01,207.4621124267578,0.009996758201660683
2020-12-02,206.65609741210932,-0.003885119095820677
2020-12-03,205.57183837890625,-0.005246683000312613
2020-12-04,205.6869506835937,0.0005599614499496308
2020-12-07,205.61978149414065,-0.0003265602860551553
2020-12-08,207.27023315429688,0.008026716341021256
2020-12-09,203.23048400878903,-0.019490252334017244
2020-12-10,202.0023193359375,-0.006043210883650785
2020-12-11,204.6314239501953,0.013015219938566691
2020-12-14,205.533432006836,0.00440796452093406
2020-12-15,205.46627807617188,-0.00032672996314242475
2020-12-16,210.4078369140625,0.024050461633702502
2020-12-17,210.5421905517578,0.0006385391326948486
2020-12-18,209.7458038330078,-0.0037825516902951772
2020-12-21,213.5839691162109,0.018299127863644404
2020-12-22,214.8793334960937,0.006064895156892458
2020-12-23,212.0775146484375,-0.013039033591879301
2020-12-24,213.7374725341797,0.007827128154033192
2020-12-28,215.8580780029297,0.009921542739356859
2020-12-29,215.0808258056641,-0.0036007556652803974
2020-12-30,212.71078491210932,-0.011019303485919396
2020-12-31,213.4208221435547,0.003338040578143575
2021-01-04,208.88218688964844,-0.021266131431418644
2021-01-05,209.08370971679688,0.000964767892127183
2021-01-06,203.662338256836,-0.025929191075211522
2021-01-07,209.4579315185547,0.028456872838265923
2021-01-08,210.73410034179688,0.00609272140706274
2021-01-11,208.69029235839844,-0.009698515712850964
2021-01-12,206.23388671875,-0.011770579320622532
2021-01-13,207.5868225097656,0.006560201199430793
2021-01-14,204.4011688232422,-0.015346126733904564
2021-01-15,204.0460968017578,-0.0017371330287814235
2021-01-19,207.6827850341797,0.01782287575907482
2021-01-20,215.26315307617188,0.036499741857490164
2021-01-21,215.8676605224609,0.0028082253634700294
2021-01-22,216.8080139160156,0.004356156875368722
2021-01-25,220.2431182861328,0.015843991686801173
2021-01-26,222.9298858642578,0.01219909888232884
2021-01-27,223.4768218994141,0.0024533993413933253
2021-01-28,229.2628173828125,0.02589080797829979
2021-01-29,222.5748748779297,-0.029171509716360178
2021-02-01,229.9536895751953,0.03315205591517234
2021-02-02,229.81936645507807,-0.0005841311803493898
2021-02-03,233.16815185546875,0.014571380349903018
2021-02-04,232.2182159423828,-0.0040740380087361805
2021-02-05,232.4005126953125,0.0007850234840101056
2021-02-08,232.6596221923828,0.0011149265294867483
2021-02-09,233.9070281982422,0.005361506195638466
2021-02-10,232.99545288085932,-0.003897169419852964
2021-02-11,234.597900390625,0.006877591343317224
2021-02-12,235.07766723632807,0.002045060270804644
2021-02-16,233.83985900878903,-0.0052655288019964885
2021-02-17,234.8592987060547,0.004359563427667634
2021-02-18,234.4649658203125,-0.0016790175561058884
2021-02-19,231.75282287597656,-0.011567369712771725
2021-02-22,225.5399169921875,-0.02680832883366402
2021-02-23,224.347396850586,-0.005287401704784811
2021-02-24,225.57839965820312,0.00548703851659571
2021-02-25,220.2310791015625,-0.023704931698881215
2021-02-26,223.4914093017578,0.014804133065577707
2021-03-01,227.8769989013672,0.01962307908528138
2021-03-02,224.9244079589844,-0.012956950269740752
2021-03-03,218.8557891845703,-0.026980703559396413
2021-03-04,218.05751037597656,-0.0036475105893613025
2021-03-05,222.74124145507807,0.021479338505817847
2021-03-08,218.6922912597656,-0.01817782000702839
2021-03-09,224.8378753662109,0.028101512271164086
2021-03-10,223.5298614501953,-0.005817587067504237
2021-03-11,228.05972290039065,0.020265128877219984
2021-03-12,226.7324981689453,-0.005819636692380947
2021-03-15,225.82847595214844,-0.003987175301721657
2021-03-16,228.6175079345703,0.012350222754958784
2021-03-17,227.97317504882807,-0.002818388195914734
2021-03-18,221.89491271972656,-0.02666218219665384
2021-03-19,221.5390472412109,-0.0016037568151242576
2021-03-22,226.96334838867188,0.02448462794712225
2021-03-23,228.4924774169922,0.006737339042521162
2021-03-24,226.45362854003903,-0.008923045957580089
2021-03-25,223.45297241210932,-0.013250642735447182
2021-03-26,227.43458557128903,0.017818573260401926
2021-03-29,226.24200439453125,-0.0052436227927347145
2021-03-30,222.981689453125,-0.014410741056381182
2021-03-31,226.7517547607422,0.016907510732668163
2021-04-01,233.0800628662109,0.027908529802320947
2021-04-05,239.54299926757807,0.027728396508443165
2021-04-06,238.3792724609375,-0.004858112364789391
2021-04-07,240.3412475585937,0.008230476909344864
2021-04-08,243.56314086914065,0.013405494659261441
2021-04-09,246.0636749267578,0.010266471555154588
2021-04-12,246.12139892578125,0.00023458968106782052
2021-04-13,248.60269165039065,0.010081580616066788
2021-04-14,245.8135986328125,-0.011219078116420644
2021-04-15,249.5740509033203,0.015297983071005827
2021-04-16,250.7665863037109,0.004778282822570201
2021-04-19,248.84312438964844,-0.00767032778335508
2021-04-20,248.38153076171875,-0.0018549583359470656
2021-04-21,250.6127319335937,0.008982959260426693
2021-04-22,247.33319091796875,-0.013086090999135491
2021-04-23,251.1609344482422,0.015476060920359691
2021-04-26,251.545639038086,0.0015317055205616992
2021-04-27,251.94960021972656,0.0016059160603432154
2021-04-28,244.82302856445312,-0.02828570336709535
2021-04-29,242.85142517089844,-0.00805317786123061
2021-04-30,242.53407287597656,-0.0013067755097526668
2021-05-03,242.2262725830078,-0.0012691012414002278
2021-05-04,238.3119354248047,-0.016159837314351333
2021-05-05,237.0424652099609,-0.00532692671301116
2021-05-06,240.17774963378903,0.013226678270710002
2021-05-07,242.80337524414065,0.010932010206420317
2021-05-10,237.725326538086,-0.02091424264983399
2021-05-11,236.81163024902344,-0.003843495778798167
2021-05-12,229.8582000732422,-0.02936270557518328
2021-05-13,233.7340545654297,0.01686193701574501
2021-05-14,238.65817260742188,0.021067182748133906
2021-05-17,235.80178833007807,-0.011968516502648296
2021-05-18,233.7821502685547,-0.008564981952962403
2021-05-19,234.36050415039065,0.002473900942272955
2021-05-20,237.59939575195312,0.013820125593705157
2021-05-21,236.336669921875,-0.005314516167357453
2021-05-24,241.7445526123047,0.022882114283057975
2021-05-25,242.6506500244141,0.0037481606196212436
2021-05-26,242.4289703369141,-0.0009135754941422825
2021-05-27,240.32748413085932,-0.008668461542093109
2021-05-28,240.68414306640625,0.0014840538810481085
