timestamp;value;datetime
1758492000000;87.33;2025-09-21 22:00:00
1758495600000;83.57;2025-09-21 23:00:00
1758499200000;79.21;2025-09-22 00:00:00
1758502800000;79.21;2025-09-22 01:00:00
1758506400000;80.35;2025-09-22 02:00:00
1758510000000;93.59;2025-09-22 03:00:00
1758513600000;118.69;2025-09-22 04:00:00
1758517200000;130.0;2025-09-22 05:00:00
1758520800000;130.0;2025-09-22 06:00:00
1758524400000;108.57;2025-09-22 07:00:00
1758528000000;91.82;2025-09-22 08:00:00
1758531600000;77.86;2025-09-22 09:00:00
1758535200000;74.04;2025-09-22 10:00:00
1758538800000;71.17;2025-09-22 11:00:00
1758542400000;70.23;2025-09-22 12:00:00
1758546000000;78.39;2025-09-22 13:00:00
1758549600000;84.79;2025-09-22 14:00:00
1758553200000;100.13;2025-09-22 15:00:00
1758556800000;128.08;2025-09-22 16:00:00
1758560400000;140.92;2025-09-22 17:00:00
1758564000000;130.0;2025-09-22 18:00:00
1758567600000;114.24;2025-09-22 19:00:00
1758571200000;97.72;2025-09-22 20:00:00
1758574800000;89.99;2025-09-22 21:00:00
1758578400000;88.6;2025-09-22 22:00:00
1758582000000;90.0;2025-09-22 23:00:00
1758585600000;89.73;2025-09-23 00:00:00
1758589200000;89.93;2025-09-23 01:00:00
1758592800000;91.34;2025-09-23 02:00:00
1758596400000;98.11;2025-09-23 03:00:00
1758600000000;122.01;2025-09-23 04:00:00
1758603600000;172.36;2025-09-23 05:00:00
1758607200000;162.8;2025-09-23 06:00:00
1758610800000;125.76;2025-09-23 07:00:00
1758614400000;93.92;2025-09-23 08:00:00
1758618000000;85.51;2025-09-23 09:00:00
1758621600000;77.54;2025-09-23 10:00:00
1758625200000;74.24;2025-09-23 11:00:00
1758628800000;74.25;2025-09-23 12:00:00
1758632400000;84.11;2025-09-23 13:00:00
1758636000000;85.76;2025-09-23 14:00:00
1758639600000;102.9;2025-09-23 15:00:00
1758643200000;136.83;2025-09-23 16:00:00
1758646800000;149.58;2025-09-23 17:00:00
1758650400000;115.81;2025-09-23 18:00:00
1758654000000;94.0;2025-09-23 19:00:00
1758657600000;84.91;2025-09-23 20:00:00
1758661200000;84.1;2025-09-23 21:00:00
1758664800000;82.67;2025-09-23 22:00:00
1758668400000;82.32;2025-09-23 23:00:00
1758672000000;81.61;2025-09-24 00:00:00
1758675600000;77.95;2025-09-24 01:00:00
1758679200000;78.59;2025-09-24 02:00:00
1758682800000;82.67;2025-09-24 03:00:00
1758686400000;109.76;2025-09-24 04:00:00
1758690000000;118.01;2025-09-24 05:00:00
1758693600000;120.45;2025-09-24 06:00:00
1758697200000;107.0;2025-09-24 07:00:00
1758700800000;85.54;2025-09-24 08:00:00
1758704400000;70.09;2025-09-24 09:00:00
1758708000000;27.1;2025-09-24 10:00:00
1758711600000;10.66;2025-09-24 11:00:00
1758715200000;9.9;2025-09-24 12:00:00
1758718800000;15.0;2025-09-24 13:00:00
1758722400000;66.1;2025-09-24 14:00:00
1758726000000;85.69;2025-09-24 15:00:00
1758729600000;113.08;2025-09-24 16:00:00
1758733200000;115.93;2025-09-24 17:00:00
1758736800000;113.95;2025-09-24 18:00:00
1758740400000;91.29;2025-09-24 19:00:00
1758744000000;85.5;2025-09-24 20:00:00
1758747600000;69.68;2025-09-24 21:00:00
1758751200000;73.3;2025-09-24 22:00:00
1758754800000;69.69;2025-09-24 23:00:00
1758758400000;67.81;2025-09-25 00:00:00
1758762000000;68.09;2025-09-25 01:00:00
1758765600000;71.69;2025-09-25 02:00:00
1758769200000;77.33;2025-09-25 03:00:00
1758772800000;108.55;2025-09-25 04:00:00
1758776400000;124.26;2025-09-25 05:00:00
1758780000000;124.99;2025-09-25 06:00:00
1758783600000;104.88;2025-09-25 07:00:00
1758787200000;77.95;2025-09-25 08:00:00
1758790800000;69.24;2025-09-25 09:00:00
1758794400000;38.18;2025-09-25 10:00:00
1758798000000;16.03;2025-09-25 11:00:00
1758801600000;20.1;2025-09-25 12:00:00
1758805200000;43.66;2025-09-25 13:00:00
1758808800000;75.0;2025-09-25 14:00:00
1758812400000;88.79;2025-09-25 15:00:00
1758816000000;117.04;2025-09-25 16:00:00
1758819600000;121.47;2025-09-25 17:00:00
1758823200000;123.75;2025-09-25 18:00:00
1758826800000;105.83;2025-09-25 19:00:00
1758830400000;94.77;2025-09-25 20:00:00
1758834000000;81.09;2025-09-25 21:00:00
1758837600000;78.48;2025-09-25 22:00:00
1758841200000;75.0;2025-09-25 23:00:00
1758844800000;73.17;2025-09-26 00:00:00
1758848400000;73.18;2025-09-26 01:00:00
1758852000000;74.93;2025-09-26 02:00:00
1758855600000;82.0;2025-09-26 03:00:00
1758859200000;107.74;2025-09-26 04:00:00
1758862800000;120.33;2025-09-26 05:00:00
1758866400000;123.56;2025-09-26 06:00:00
1758870000000;110.41;2025-09-26 07:00:00
1758873600000;89.84;2025-09-26 08:00:00
1758877200000;85.36;2025-09-26 09:00:00
1758880800000;78.96;2025-09-26 10:00:00
1758884400000;73.16;2025-09-26 11:00:00
1758888000000;75.05;2025-09-26 12:00:00
1758891600000;79.99;2025-09-26 13:00:00
1758895200000;98.81;2025-09-26 14:00:00
1758898800000;109.8;2025-09-26 15:00:00
1758902400000;123.65;2025-09-26 16:00:00
1758906000000;133.02;2025-09-26 17:00:00
1758909600000;119.61;2025-09-26 18:00:00
1758913200000;106.21;2025-09-26 19:00:00
1758916800000;96.9;2025-09-26 20:00:00
1758920400000;89.9;2025-09-26 21:00:00
1758924000000;84.99;2025-09-26 22:00:00
1758927600000;83.26;2025-09-26 23:00:00
1758931200000;82.7;2025-09-27 00:00:00
1758934800000;82.51;2025-09-27 01:00:00
1758938400000;85.28;2025-09-27 02:00:00
1758942000000;89.19;2025-09-27 03:00:00
1758945600000;90.57;2025-09-27 04:00:00
1758949200000;105.45;2025-09-27 05:00:00
1758952800000;109.71;2025-09-27 06:00:00
1758956400000;96.92;2025-09-27 07:00:00
1758960000000;87.86;2025-09-27 08:00:00
1758963600000;75.0;2025-09-27 09:00:00
1758967200000;59.77;2025-09-27 10:00:00
1758970800000;36.11;2025-09-27 11:00:00
1758974400000;48.54;2025-09-27 12:00:00
1758978000000;78.22;2025-09-27 13:00:00
1758981600000;93.1;2025-09-27 14:00:00
1758985200000;112.01;2025-09-27 15:00:00
1758988800000;133.35;2025-09-27 16:00:00
1758992400000;148.61;2025-09-27 17:00:00
1758996000000;122.53;2025-09-27 18:00:00
1758999600000;114.4;2025-09-27 19:00:00
1759003200000;107.56;2025-09-27 20:00:00
1759006800000;99.54;2025-09-27 21:00:00
1759010400000;97.56;2025-09-27 22:00:00
1759014000000;95.31;2025-09-27 23:00:00
1759017600000;94.32;2025-09-28 00:00:00
1759021200000;91.47;2025-09-28 01:00:00
1759024800000;97.77;2025-09-28 02:00:00
1759028400000;97.58;2025-09-28 03:00:00
1759032000000;100.91;2025-09-28 04:00:00
1759035600000;105.79;2025-09-28 05:00:00
1759039200000;98.77;2025-09-28 06:00:00
1759042800000;95.04;2025-09-28 07:00:00
1759046400000;82.08;2025-09-28 08:00:00
1759050000000;37.47;2025-09-28 09:00:00
1759053600000;17.11;2025-09-28 10:00:00
1759057200000;8.53;2025-09-28 11:00:00
1759060800000;13.0;2025-09-28 12:00:00
1759064400000;61.33;2025-09-28 13:00:00
1759068000000;86.0;2025-09-28 14:00:00
1759071600000;105.89;2025-09-28 15:00:00
1759075200000;131.02;2025-09-28 16:00:00
1759078800000;137.97;2025-09-28 17:00:00
1759082400000;125.93;2025-09-28 18:00:00
1759086000000;113.51;2025-09-28 19:00:00
1759089600000;102.29;2025-09-28 20:00:00
1759093200000;95.74;2025-09-28 21:00:00
1759096800000;90.95;2025-09-28 22:00:00
1759100400000;88.76;2025-09-28 23:00:00
1759104000000;87.88;2025-09-29 00:00:00
1759107600000;87.94;2025-09-29 01:00:00
1759111200000;88.31;2025-09-29 02:00:00
1759114800000;98.37;2025-09-29 03:00:00
1759118400000;134.98;2025-09-29 04:00:00
1759122000000;222.1;2025-09-29 05:00:00
1759125600000;166.91;2025-09-29 06:00:00
1759129200000;122.06;2025-09-29 07:00:00
1759132800000;90.21;2025-09-29 08:00:00
1759136400000;84.95;2025-09-29 09:00:00
1759140000000;78.71;2025-09-29 10:00:00
1759143600000;77.08;2025-09-29 11:00:00
1759147200000;83.33;2025-09-29 12:00:00
1759150800000;87.4;2025-09-29 13:00:00
1759154400000;99.98;2025-09-29 14:00:00
1759158000000;140.79;2025-09-29 15:00:00
1759161600000;302.65;2025-09-29 16:00:00
1759165200000;406.78;2025-09-29 17:00:00
1759168800000;167.6;2025-09-29 18:00:00
1759172400000;123.85;2025-09-29 19:00:00
1759176000000;108.3;2025-09-29 20:00:00
1759179600000;93.68;2025-09-29 21:00:00
1759183200000;101.1;2025-09-29 22:00:00
1759186800000;98.43;2025-09-29 23:00:00
1759190400000;98.93;2025-09-30 00:00:00
1759194000000;94.99;2025-09-30 01:00:00
1759197600000;99.12;2025-09-30 02:00:00
1759201200000;112.08;2025-09-30 03:00:00
1759204800000;141.86;2025-09-30 04:00:00
1759208400000;244.0;2025-09-30 05:00:00
1759212000000;209.23;2025-09-30 06:00:00
1759215600000;141.85;2025-09-30 07:00:00
1759219200000;115.2;2025-09-30 08:00:00
1759222800000;96.72;2025-09-30 09:00:00
1759226400000;87.91;2025-09-30 10:00:00
1759230000000;86.04;2025-09-30 11:00:00
1759233600000;87.26;2025-09-30 12:00:00
1759237200000;96.8;2025-09-30 13:00:00
1759240800000;104.03;2025-09-30 14:00:00
1759244400000;142.64;2025-09-30 15:00:00
1759248000000;294.54;2025-09-30 16:00:00
1759251600000;357.77;2025-09-30 17:00:00
1759255200000;147.28;2025-09-30 18:00:00
1759258800000;116.04;2025-09-30 19:00:00
1759262400000;101.63;2025-09-30 20:00:00
1759266000000;92.54;2025-09-30 21:00:00
1759269600000;91.57;2025-09-30 22:00:00
1759273200000;86.29;2025-09-30 23:00:00
1759276800000;84.87;2025-10-01 00:00:00
1759280400000;88.33;2025-10-01 01:00:00
1759284000000;87.66;2025-10-01 02:00:00
1759287600000;95.33;2025-10-01 03:00:00
1759291200000;124.96;2025-10-01 04:00:00
1759294800000;173.3;2025-10-01 05:00:00
1759298400000;139.09;2025-10-01 06:00:00
1759302000000;105.25;2025-10-01 07:00:00
1759305600000;86.04;2025-10-01 08:00:00
1759309200000;70.57;2025-10-01 09:00:00
1759312800000;66.03;2025-10-01 10:00:00
1759316400000;68.4;2025-10-01 11:00:00
1759320000000;72.63;2025-10-01 12:00:00
1759323600000;81.72;2025-10-01 13:00:00
1759327200000;92.87;2025-10-01 14:00:00
1759330800000;135.4;2025-10-01 15:00:00
1759334400000;253.24;2025-10-01 16:00:00
1759338000000;339.99;2025-10-01 17:00:00
1759341600000;152.02;2025-10-01 18:00:00
1759345200000;113.04;2025-10-01 19:00:00
1759348800000;98.51;2025-10-01 20:00:00
1759352400000;90.65;2025-10-01 21:00:00
1759356000000;90.8;2025-10-01 22:00:00
1759359600000;88.0;2025-10-01 23:00:00
1759363200000;86.52;2025-10-02 00:00:00
1759366800000;88.56;2025-10-02 01:00:00
1759370400000;90.81;2025-10-02 02:00:00
1759374000000;95.97;2025-10-02 03:00:00
1759377600000;128.72;2025-10-02 04:00:00
1759381200000;181.09;2025-10-02 05:00:00
1759384800000;136.68;2025-10-02 06:00:00
1759388400000;100.51;2025-10-02 07:00:00
1759392000000;91.48;2025-10-02 08:00:00
1759395600000;78.29;2025-10-02 09:00:00
1759399200000;65.77;2025-10-02 10:00:00
1759402800000;60.5;2025-10-02 11:00:00
1759406400000;71.29;2025-10-02 12:00:00
1759410000000;80.66;2025-10-02 13:00:00
1759413600000;91.45;2025-10-02 14:00:00
1759417200000;113.32;2025-10-02 15:00:00
1759420800000;167.93;2025-10-02 16:00:00
1759424400000;176.84;2025-10-02 17:00:00
1759428000000;109.92;2025-10-02 18:00:00
1759431600000;90.85;2025-10-02 19:00:00
1759435200000;96.66;2025-10-02 20:00:00
1759438800000;82.09;2025-10-02 21:00:00
1759442400000;85.93;2025-10-02 22:00:00
1759446000000;77.14;2025-10-02 23:00:00
1759449600000;71.75;2025-10-03 00:00:00
1759453200000;73.91;2025-10-03 01:00:00
1759456800000;76.29;2025-10-03 02:00:00
1759460400000;77.98;2025-10-03 03:00:00
1759464000000;93.78;2025-10-03 04:00:00
1759467600000;100.42;2025-10-03 05:00:00
1759471200000;103.68;2025-10-03 06:00:00
1759474800000;83.9;2025-10-03 07:00:00
1759478400000;60.0;2025-10-03 08:00:00
1759482000000;40.5;2025-10-03 09:00:00
1759485600000;26.35;2025-10-03 10:00:00
1759489200000;16.5;2025-10-03 11:00:00
1759492800000;26.2;2025-10-03 12:00:00
1759496400000;49.88;2025-10-03 13:00:00
1759500000000;63.39;2025-10-03 14:00:00
1759503600000;89.9;2025-10-03 15:00:00
1759507200000;120.76;2025-10-03 16:00:00
1759510800000;109.01;2025-10-03 17:00:00
1759514400000;75.04;2025-10-03 18:00:00
1759518000000;43.44;2025-10-03 19:00:00
1759521600000;25.4;2025-10-03 20:00:00
1759525200000;11.11;2025-10-03 21:00:00
1759528800000;0.73;2025-10-03 22:00:00
1759532400000;-0.01;2025-10-03 23:00:00
1759536000000;-0.04;2025-10-04 00:00:00
1759539600000;-0.1;2025-10-04 01:00:00
1759543200000;-1.13;2025-10-04 02:00:00
1759546800000;-1.91;2025-10-04 03:00:00
1759550400000;-1.92;2025-10-04 04:00:00
1759554000000;-0.78;2025-10-04 05:00:00
1759557600000;-0.3;2025-10-04 06:00:00
1759561200000;-0.16;2025-10-04 07:00:00
1759564800000;-0.09;2025-10-04 08:00:00
1759568400000;-0.1;2025-10-04 09:00:00
1759572000000;-0.08;2025-10-04 10:00:00
1759575600000;-0.44;2025-10-04 11:00:00
1759579200000;-2.05;2025-10-04 12:00:00
1759582800000;-2.61;2025-10-04 13:00:00
1759586400000;-0.1;2025-10-04 14:00:00
1759590000000;-0.09;2025-10-04 15:00:00
1759593600000;1.11;2025-10-04 16:00:00
1759597200000;3.23;2025-10-04 17:00:00
1759600800000;0.32;2025-10-04 18:00:00
1759604400000;-0.09;2025-10-04 19:00:00
1759608000000;-0.05;2025-10-04 20:00:00
1759611600000;-0.34;2025-10-04 21:00:00
1759615200000;-0.75;2025-10-04 22:00:00
1759618800000;-1.4;2025-10-04 23:00:00
1759622400000;-4.19;2025-10-05 00:00:00
1759626000000;-4.38;2025-10-05 01:00:00
1759629600000;-4.98;2025-10-05 02:00:00
1759633200000;-4.46;2025-10-05 03:00:00
1759636800000;-3.76;2025-10-05 04:00:00
1759640400000;-1.51;2025-10-05 05:00:00
1759644000000;-0.09;2025-10-05 06:00:00
1759647600000;-1.39;2025-10-05 07:00:00
1759651200000;-3.33;2025-10-05 08:00:00
1759654800000;-2.02;2025-10-05 09:00:00
1759658400000;-3.42;2025-10-05 10:00:00
1759662000000;-3.39;2025-10-05 11:00:00
1759665600000;-2.94;2025-10-05 12:00:00
1759669200000;-2.39;2025-10-05 13:00:00
1759672800000;-0.69;2025-10-05 14:00:00
1759676400000;0.85;2025-10-05 15:00:00
1759680000000;16.08;2025-10-05 16:00:00
1759683600000;35.05;2025-10-05 17:00:00
1759687200000;19.83;2025-10-05 18:00:00
1759690800000;5.48;2025-10-05 19:00:00
1759694400000;5.2;2025-10-05 20:00:00
1759698000000;4.08;2025-10-05 21:00:00
1759701600000;20.85;2025-10-05 22:00:00
1759705200000;10.05;2025-10-05 23:00:00
1759708800000;9.1;2025-10-06 00:00:00
1759712400000;10.73;2025-10-06 01:00:00
1759716000000;16.8;2025-10-06 02:00:00
1759719600000;22.6;2025-10-06 03:00:00
1759723200000;68.59;2025-10-06 04:00:00
1759726800000;105.05;2025-10-06 05:00:00
1759730400000;121.77;2025-10-06 06:00:00
1759734000000;121.12;2025-10-06 07:00:00
1759737600000;100.53;2025-10-06 08:00:00
1759741200000;89.3;2025-10-06 09:00:00
1759744800000;87.33;2025-10-06 10:00:00
1759748400000;84.6;2025-10-06 11:00:00
1759752000000;92.33;2025-10-06 12:00:00
1759755600000;94.55;2025-10-06 13:00:00
1759759200000;104.77;2025-10-06 14:00:00
1759762800000;120.29;2025-10-06 15:00:00
1759766400000;141.59;2025-10-06 16:00:00
1759770000000;168.32;2025-10-06 17:00:00
1759773600000;133.68;2025-10-06 18:00:00
1759777200000;120.2;2025-10-06 19:00:00
1759780800000;118.66;2025-10-06 20:00:00
1759784400000;105.5;2025-10-06 21:00:00
1759788000000;100.26;2025-10-06 22:00:00
1759791600000;93.99;2025-10-06 23:00:00
1759795200000;89.82;2025-10-07 00:00:00
1759798800000;89.55;2025-10-07 01:00:00
1759802400000;92.98;2025-10-07 02:00:00
1759806000000;96.74;2025-10-07 03:00:00
1759809600000;134.89;2025-10-07 04:00:00
1759813200000;228.56;2025-10-07 05:00:00
1759816800000;287.67;2025-10-07 06:00:00
1759820400000;212.18;2025-10-07 07:00:00
1759824000000;154.66;2025-10-07 08:00:00
1759827600000;129.91;2025-10-07 09:00:00
1759831200000;110.94;2025-10-07 10:00:00
1759834800000;106.18;2025-10-07 11:00:00
1759838400000;105.35;2025-10-07 12:00:00
1759842000000;113.16;2025-10-07 13:00:00
1759845600000;122.1;2025-10-07 14:00:00
1759849200000;151.84;2025-10-07 15:00:00
1759852800000;202.42;2025-10-07 16:00:00
1759856400000;213.28;2025-10-07 17:00:00
1759860000000;146.34;2025-10-07 18:00:00
1759863600000;123.24;2025-10-07 19:00:00
1759867200000;107.42;2025-10-07 20:00:00
1759870800000;97.48;2025-10-07 21:00:00
1759874400000;93.45;2025-10-07 22:00:00
1759878000000;88.44;2025-10-07 23:00:00
1759881600000;87.56;2025-10-08 00:00:00
1759885200000;86.98;2025-10-08 01:00:00
1759888800000;89.67;2025-10-08 02:00:00
1759892400000;97.39;2025-10-08 03:00:00
1759896000000;117.11;2025-10-08 04:00:00
1759899600000;155.58;2025-10-08 05:00:00
1759903200000;166.4;2025-10-08 06:00:00
1759906800000;135.18;2025-10-08 07:00:00
1759910400000;118.45;2025-10-08 08:00:00
1759914000000;103.33;2025-10-08 09:00:00
1759917600000;90.82;2025-10-08 10:00:00
1759921200000;89.34;2025-10-08 11:00:00
1759924800000;90.44;2025-10-08 12:00:00
1759928400000;99.43;2025-10-08 13:00:00
1759932000000;117.47;2025-10-08 14:00:00
1759935600000;149.48;2025-10-08 15:00:00
1759939200000;183.81;2025-10-08 16:00:00
1759942800000;199.0;2025-10-08 17:00:00
1759946400000;141.7;2025-10-08 18:00:00
1759950000000;114.74;2025-10-08 19:00:00
1759953600000;108.24;2025-10-08 20:00:00
1759957200000;97.83;2025-10-08 21:00:00
1759960800000;97.22;2025-10-08 22:00:00
1759964400000;92.58;2025-10-08 23:00:00
1759968000000;93.26;2025-10-09 00:00:00
1759971600000;90.82;2025-10-09 01:00:00
1759975200000;92.7;2025-10-09 02:00:00
1759978800000;101.15;2025-10-09 03:00:00
1759982400000;125.58;2025-10-09 04:00:00
1759986000000;145.0;2025-10-09 05:00:00
1759989600000;149.9;2025-10-09 06:00:00
1759993200000;132.49;2025-10-09 07:00:00
1759996800000;109.69;2025-10-09 08:00:00
1760000400000;96.96;2025-10-09 09:00:00
1760004000000;91.02;2025-10-09 10:00:00
1760007600000;83.35;2025-10-09 11:00:00
1760011200000;83.2;2025-10-09 12:00:00
1760014800000;88.83;2025-10-09 13:00:00
1760018400000;92.08;2025-10-09 14:00:00
1760022000000;110.01;2025-10-09 15:00:00
1760025600000;122.91;2025-10-09 16:00:00
1760029200000;123.11;2025-10-09 17:00:00
1760032800000;112.36;2025-10-09 18:00:00
1760036400000;98.09;2025-10-09 19:00:00
1760040000000;96.83;2025-10-09 20:00:00
1760043600000;88.7;2025-10-09 21:00:00
1760047200000;88.01;2025-10-09 22:00:00
1760050800000;84.97;2025-10-09 23:00:00
1760054400000;80.09;2025-10-10 00:00:00
1760058000000;78.29;2025-10-10 01:00:00
1760061600000;79.21;2025-10-10 02:00:00
1760065200000;86.07;2025-10-10 03:00:00
1760068800000;102.64;2025-10-10 04:00:00
1760072400000;119.33;2025-10-10 05:00:00
1760076000000;122.61;2025-10-10 06:00:00
1760079600000;107.77;2025-10-10 07:00:00
1760083200000;93.01;2025-10-10 08:00:00
1760086800000;82.12;2025-10-10 09:00:00
1760090400000;77.53;2025-10-10 10:00:00
1760094000000;75.69;2025-10-10 11:00:00
1760097600000;77.26;2025-10-10 12:00:00
1760101200000;88.9;2025-10-10 13:00:00
1760104800000;97.86;2025-10-10 14:00:00
1760108400000;118.2;2025-10-10 15:00:00
1760112000000;120.61;2025-10-10 16:00:00
1760115600000;123.29;2025-10-10 17:00:00
1760119200000;115.39;2025-10-10 18:00:00
1760122800000;103.92;2025-10-10 19:00:00
1760126400000;97.74;2025-10-10 20:00:00
1760130000000;93.35;2025-10-10 21:00:00
1760133600000;92.97;2025-10-10 22:00:00
1760137200000;88.84;2025-10-10 23:00:00
1760140800000;87.39;2025-10-11 00:00:00
1760144400000;84.18;2025-10-11 01:00:00
1760148000000;82.03;2025-10-11 02:00:00
1760151600000;84.76;2025-10-11 03:00:00
1760155200000;90.27;2025-10-11 04:00:00
1760158800000;96.75;2025-10-11 05:00:00
1760162400000;100.4;2025-10-11 06:00:00
1760166000000;92.96;2025-10-11 07:00:00
1760169600000;82.43;2025-10-11 08:00:00
1760173200000;74.02;2025-10-11 09:00:00
1760176800000;55.42;2025-10-11 10:00:00
1760180400000;46.77;2025-10-11 11:00:00
1760184000000;51.03;2025-10-11 12:00:00
1760187600000;76.94;2025-10-11 13:00:00
1760191200000;83.65;2025-10-11 14:00:00
1760194800000;114.01;2025-10-11 15:00:00
1760198400000;126.44;2025-10-11 16:00:00
1760202000000;130.17;2025-10-11 17:00:00
1760205600000;120.64;2025-10-11 18:00:00
1760209200000;112.54;2025-10-11 19:00:00
1760212800000;106.91;2025-10-11 20:00:00
1760216400000;95.1;2025-10-11 21:00:00
1760220000000;96.18;2025-10-11 22:00:00
1760223600000;92.17;2025-10-11 23:00:00
1760227200000;88.86;2025-10-12 00:00:00
1760230800000;85.13;2025-10-12 01:00:00
1760234400000;86.41;2025-10-12 02:00:00
1760238000000;86.66;2025-10-12 03:00:00
1760241600000;88.3;2025-10-12 04:00:00
1760245200000;89.17;2025-10-12 05:00:00
1760248800000;88.66;2025-10-12 06:00:00
1760252400000;83.06;2025-10-12 07:00:00
1760256000000;76.21;2025-10-12 08:00:00
1760259600000;71.9;2025-10-12 09:00:00
1760263200000;66.89;2025-10-12 10:00:00
1760266800000;52.16;2025-10-12 11:00:00
1760270400000;62.47;2025-10-12 12:00:00
1760274000000;79.99;2025-10-12 13:00:00
1760277600000;88.0;2025-10-12 14:00:00
1760281200000;105.55;2025-10-12 15:00:00
1760284800000;108.9;2025-10-12 16:00:00
1760288400000;116.64;2025-10-12 17:00:00
1760292000000;115.53;2025-10-12 18:00:00
1760295600000;110.45;2025-10-12 19:00:00
1760299200000;107.79;2025-10-12 20:00:00
1760302800000;93.45;2025-10-12 21:00:00
1760306400000;93.45;2025-10-12 22:00:00
1760310000000;90.26;2025-10-12 23:00:00
1760313600000;90.83;2025-10-13 00:00:00
1760317200000;89.12;2025-10-13 01:00:00
1760320800000;93.45;2025-10-13 02:00:00
1760324400000;98.1;2025-10-13 03:00:00
1760328000000;131.41;2025-10-13 04:00:00
1760331600000;218.64;2025-10-13 05:00:00
1760335200000;199.56;2025-10-13 06:00:00
1760338800000;150.19;2025-10-13 07:00:00
1760342400000;125.1;2025-10-13 08:00:00
1760346000000;110.0;2025-10-13 09:00:00
1760349600000;95.1;2025-10-13 10:00:00
1760353200000;89.86;2025-10-13 11:00:00
1760356800000;92.1;2025-10-13 12:00:00
1760360400000;101.84;2025-10-13 13:00:00
1760364000000;117.9;2025-10-13 14:00:00
1760367600000;180.6;2025-10-13 15:00:00
1760371200000;305.74;2025-10-13 16:00:00
1760374800000;306.58;2025-10-13 17:00:00
1760378400000;186.95;2025-10-13 18:00:00
1760382000000;137.18;2025-10-13 19:00:00
1760385600000;121.99;2025-10-13 20:00:00
1760389200000;111.28;2025-10-13 21:00:00
1760392800000;109.18;2025-10-13 22:00:00
1760396400000;103.01;2025-10-13 23:00:00
1760400000000;99.52;2025-10-14 00:00:00
1760403600000;98.87;2025-10-14 01:00:00
1760407200000;100.05;2025-10-14 02:00:00
1760410800000;101.45;2025-10-14 03:00:00
1760414400000;123.29;2025-10-14 04:00:00
1760418000000;160.2;2025-10-14 05:00:00
1760421600000;190.82;2025-10-14 06:00:00
1760425200000;156.45;2025-10-14 07:00:00
1760428800000;134.73;2025-10-14 08:00:00
1760432400000;119.85;2025-10-14 09:00:00
1760436000000;107.65;2025-10-14 10:00:00
1760439600000;103.0;2025-10-14 11:00:00
1760443200000;105.27;2025-10-14 12:00:00
1760446800000;122.28;2025-10-14 13:00:00
1760450400000;146.6;2025-10-14 14:00:00
1760454000000;219.2;2025-10-14 15:00:00
1760457600000;404.96;2025-10-14 16:00:00
1760461200000;407.21;2025-10-14 17:00:00
1760464800000;225.48;2025-10-14 18:00:00
1760468400000;163.04;2025-10-14 19:00:00
1760472000000;129.86;2025-10-14 20:00:00
1760475600000;115.36;2025-10-14 21:00:00
1760479200000;115.46;2025-10-14 22:00:00
1760482800000;111.87;2025-10-14 23:00:00
1760486400000;107.68;2025-10-15 00:00:00
1760490000000;103.62;2025-10-15 01:00:00
1760493600000;106.48;2025-10-15 02:00:00
1760497200000;114.4;2025-10-15 03:00:00
1760500800000;151.96;2025-10-15 04:00:00
1760504400000;278.74;2025-10-15 05:00:00
1760508000000;276.2;2025-10-15 06:00:00
1760511600000;181.05;2025-10-15 07:00:00
1760515200000;142.36;2025-10-15 08:00:00
1760518800000;126.1;2025-10-15 09:00:00
1760522400000;119.43;2025-10-15 10:00:00
1760526000000;112.88;2025-10-15 11:00:00
1760529600000;115.39;2025-10-15 12:00:00
1760533200000;122.64;2025-10-15 13:00:00
1760536800000;135.69;2025-10-15 14:00:00
1760540400000;170.0;2025-10-15 15:00:00
1760544000000;221.88;2025-10-15 16:00:00
1760547600000;220.0;2025-10-15 17:00:00
1760551200000;152.85;2025-10-15 18:00:00
1760554800000;124.34;2025-10-15 19:00:00
1760558400000;98.21;2025-10-15 20:00:00
1760562000000;88.17;2025-10-15 21:00:00
1760565600000;88.16;2025-10-15 22:00:00
1760569200000;85.81;2025-10-15 23:00:00
1760572800000;88.0;2025-10-16 00:00:00
1760576400000;86.66;2025-10-16 01:00:00
1760580000000;88.34;2025-10-16 02:00:00
1760583600000;85.05;2025-10-16 03:00:00
1760587200000;96.19;2025-10-16 04:00:00
1760590800000;116.12;2025-10-16 05:00:00
1760594400000;132.77;2025-10-16 06:00:00
1760598000000;119.93;2025-10-16 07:00:00
1760601600000;92.24;2025-10-16 08:00:00
1760605200000;88.31;2025-10-16 09:00:00
1760608800000;83.4;2025-10-16 10:00:00
1760612400000;81.48;2025-10-16 11:00:00
1760616000000;82.98;2025-10-16 12:00:00
1760619600000;83.03;2025-10-16 13:00:00
1760623200000;89.03;2025-10-16 14:00:00
1760626800000;120.92;2025-10-16 15:00:00
1760630400000;130.0;2025-10-16 16:00:00
1760634000000;140.59;2025-10-16 17:00:00
1760637600000;125.59;2025-10-16 18:00:00
1760641200000;102.23;2025-10-16 19:00:00
1760644800000;99.86;2025-10-16 20:00:00
1760648400000;93.36;2025-10-16 21:00:00
1760652000000;88.15;2025-10-16 22:00:00
1760655600000;88.31;2025-10-16 23:00:00
1760659200000;89.06;2025-10-17 00:00:00
1760662800000;88.46;2025-10-17 01:00:00
1760666400000;90.59;2025-10-17 02:00:00
1760670000000;94.51;2025-10-17 03:00:00
1760673600000;107.91;2025-10-17 04:00:00
1760677200000;129.49;2025-10-17 05:00:00
1760680800000;144.84;2025-10-17 06:00:00
1760684400000;129.02;2025-10-17 07:00:00
1760688000000;117.18;2025-10-17 08:00:00
1760691600000;99.04;2025-10-17 09:00:00
1760695200000;88.14;2025-10-17 10:00:00
1760698800000;86.72;2025-10-17 11:00:00
1760702400000;87.81;2025-10-17 12:00:00
1760706000000;88.64;2025-10-17 13:00:00
1760709600000;95.0;2025-10-17 14:00:00
1760713200000;117.17;2025-10-17 15:00:00
1760716800000;129.31;2025-10-17 16:00:00
1760720400000;130.69;2025-10-17 17:00:00
1760724000000;116.99;2025-10-17 18:00:00
1760727600000;104.05;2025-10-17 19:00:00
1760731200000;102.18;2025-10-17 20:00:00
1760734800000;92.5;2025-10-17 21:00:00
1760738400000;94.62;2025-10-17 22:00:00
1760742000000;89.86;2025-10-17 23:00:00
1760745600000;89.81;2025-10-18 00:00:00
1760749200000;88.34;2025-10-18 01:00:00
1760752800000;88.35;2025-10-18 02:00:00
1760756400000;88.32;2025-10-18 03:00:00
1760760000000;91.96;2025-10-18 04:00:00
1760763600000;109.47;2025-10-18 05:00:00
1760767200000;114.54;2025-10-18 06:00:00
1760770800000;102.24;2025-10-18 07:00:00
1760774400000;91.47;2025-10-18 08:00:00
1760778000000;80.79;2025-10-18 09:00:00
1760781600000;73.94;2025-10-18 10:00:00
1760785200000;67.53;2025-10-18 11:00:00
1760788800000;72.3;2025-10-18 12:00:00
1760792400000;83.5;2025-10-18 13:00:00
1760796000000;96.55;2025-10-18 14:00:00
1760799600000;120.64;2025-10-18 15:00:00
1760803200000;133.24;2025-10-18 16:00:00
1760806800000;124.82;2025-10-18 17:00:00
1760810400000;113.0;2025-10-18 18:00:00
1760814000000;92.55;2025-10-18 19:00:00
1760817600000;95.58;2025-10-18 20:00:00
1760821200000;94.35;2025-10-18 21:00:00
1760824800000;92.34;2025-10-18 22:00:00
1760828400000;87.59;2025-10-18 23:00:00
1760832000000;82.29;2025-10-19 00:00:00
1760835600000;82.14;2025-10-19 01:00:00
1760839200000;83.21;2025-10-19 02:00:00
1760842800000;83.5;2025-10-19 03:00:00
1760846400000;85.25;2025-10-19 04:00:00
1760850000000;85.26;2025-10-19 05:00:00
1760853600000;87.16;2025-10-19 06:00:00
1760857200000;78.43;2025-10-19 07:00:00
1760860800000;69.64;2025-10-19 08:00:00
1760864400000;60.3;2025-10-19 09:00:00
1760868000000;34.57;2025-10-19 10:00:00
1760871600000;20.3;2025-10-19 11:00:00
1760875200000;36.22;2025-10-19 12:00:00
1760878800000;66.77;2025-10-19 13:00:00
1760882400000;89.93;2025-10-19 14:00:00
1760886000000;106.07;2025-10-19 15:00:00
1760889600000;107.69;2025-10-19 16:00:00
1760893200000;85.62;2025-10-19 17:00:00
1760896800000;75.5;2025-10-19 18:00:00
1760900400000;73.15;2025-10-19 19:00:00
1760904000000;74.74;2025-10-19 20:00:00
1760907600000;60.86;2025-10-19 21:00:00
1760911200000;70.04;2025-10-19 22:00:00
1760914800000;63.98;2025-10-19 23:00:00
1760918400000;60.98;2025-10-20 00:00:00
1760922000000;60.0;2025-10-20 01:00:00
1760925600000;60.6;2025-10-20 02:00:00
1760929200000;74.81;2025-10-20 03:00:00
1760932800000;76.25;2025-10-20 04:00:00
1760936400000;91.87;2025-10-20 05:00:00
1760940000000;125.1;2025-10-20 06:00:00
1760943600000;92.19;2025-10-20 07:00:00
1760947200000;73.15;2025-10-20 08:00:00
1760950800000;69.94;2025-10-20 09:00:00
1760954400000;60.29;2025-10-20 10:00:00
1760958000000;65.27;2025-10-20 11:00:00
1760961600000;76.09;2025-10-20 12:00:00
1760965200000;97.14;2025-10-20 13:00:00
1760968800000;119.51;2025-10-20 14:00:00
1760972400000;131.12;2025-10-20 15:00:00
1760976000000;125.09;2025-10-20 16:00:00
1760979600000;103.0;2025-10-20 17:00:00
1760983200000;82.29;2025-10-20 18:00:00
1760986800000;76.25;2025-10-20 19:00:00
1760990400000;68.38;2025-10-20 20:00:00
1760994000000;51.0;2025-10-20 21:00:00
1760997600000;;2025-10-20 22:00:00
1761001200000;;2025-10-20 23:00:00
1761004800000;;2025-10-21 00:00:00
1761008400000;;2025-10-21 01:00:00
1761012000000;;2025-10-21 02:00:00
1761015600000;;2025-10-21 03:00:00
1761019200000;;2025-10-21 04:00:00
1761022800000;;2025-10-21 05:00:00
1761026400000;;2025-10-21 06:00:00
1761030000000;;2025-10-21 07:00:00
1761033600000;;2025-10-21 08:00:00
1761037200000;;2025-10-21 09:00:00
1761040800000;;2025-10-21 10:00:00
1761044400000;;2025-10-21 11:00:00
1761048000000;;2025-10-21 12:00:00
1761051600000;;2025-10-21 13:00:00
1761055200000;;2025-10-21 14:00:00
1761058800000;;2025-10-21 15:00:00
1761062400000;;2025-10-21 16:00:00
1761066000000;;2025-10-21 17:00:00
1761069600000;;2025-10-21 18:00:00
1761073200000;;2025-10-21 19:00:00
1761076800000;;2025-10-21 20:00:00
1761080400000;;2025-10-21 21:00:00
1761084000000;87.84;2025-10-21 22:00:00
1761087600000;87.49;2025-10-21 23:00:00
1761091200000;85.41;2025-10-22 00:00:00
1761094800000;89.35;2025-10-22 01:00:00
1761098400000;89.5;2025-10-22 02:00:00
1761102000000;90.18;2025-10-22 03:00:00
1761105600000;99.39;2025-10-22 04:00:00
1761109200000;100.18;2025-10-22 05:00:00
1761112800000;113.76;2025-10-22 06:00:00
1761116400000;125.72;2025-10-22 07:00:00
1761120000000;105.73;2025-10-22 08:00:00
1761123600000;91.21;2025-10-22 09:00:00
1761127200000;87.1;2025-10-22 10:00:00
1761130800000;86.0;2025-10-22 11:00:00
1761134400000;93.46;2025-10-22 12:00:00
1761138000000;110.66;2025-10-22 13:00:00
1761141600000;135.0;2025-10-22 14:00:00
1761145200000;198.05;2025-10-22 15:00:00
1761148800000;296.48;2025-10-22 16:00:00
1761152400000;279.76;2025-10-22 17:00:00
1761156000000;185.31;2025-10-22 18:00:00
1761159600000;133.95;2025-10-22 19:00:00
1761163200000;122.07;2025-10-22 20:00:00
1761166800000;108.09;2025-10-22 21:00:00
1761170400000;101.38;2025-10-22 22:00:00
1761174000000;98.74;2025-10-22 23:00:00
1761177600000;95.07;2025-10-23 00:00:00
1761181200000;79.92;2025-10-23 01:00:00
1761184800000;71.0;2025-10-23 02:00:00
1761188400000;67.52;2025-10-23 03:00:00
1761192000000;72.25;2025-10-23 04:00:00
1761195600000;82.28;2025-10-23 05:00:00
1761199200000;90.0;2025-10-23 06:00:00
1761202800000;83.02;2025-10-23 07:00:00
1761206400000;79.7;2025-10-23 08:00:00
1761210000000;69.6;2025-10-23 09:00:00
1761213600000;66.1;2025-10-23 10:00:00
1761217200000;64.11;2025-10-23 11:00:00
1761220800000;63.54;2025-10-23 12:00:00
1761224400000;75.61;2025-10-23 13:00:00
1761228000000;85.5;2025-10-23 14:00:00
1761231600000;98.12;2025-10-23 15:00:00
1761235200000;114.93;2025-10-23 16:00:00
1761238800000;107.91;2025-10-23 17:00:00
1761242400000;87.71;2025-10-23 18:00:00
1761246000000;82.81;2025-10-23 19:00:00
1761249600000;77.66;2025-10-23 20:00:00
1761253200000;60.08;2025-10-23 21:00:00
1761256800000;;2025-10-23 22:00:00
1761260400000;;2025-10-23 23:00:00
1761264000000;;2025-10-24 00:00:00
1761267600000;;2025-10-24 01:00:00
1761271200000;;2025-10-24 02:00:00
1761274800000;;2025-10-24 03:00:00
1761278400000;;2025-10-24 04:00:00
1761282000000;;2025-10-24 05:00:00
1761285600000;;2025-10-24 06:00:00
1761289200000;;2025-10-24 07:00:00
1761292800000;;2025-10-24 08:00:00
1761296400000;;2025-10-24 09:00:00
1761300000000;;2025-10-24 10:00:00
1761303600000;;2025-10-24 11:00:00
1761307200000;;2025-10-24 12:00:00
1761310800000;;2025-10-24 13:00:00
1761314400000;;2025-10-24 14:00:00
1761318000000;;2025-10-24 15:00:00
1761321600000;;2025-10-24 16:00:00
1761325200000;;2025-10-24 17:00:00
1761328800000;;2025-10-24 18:00:00
1761332400000;;2025-10-24 19:00:00
1761336000000;;2025-10-24 20:00:00
1761339600000;;2025-10-24 21:00:00
1761343200000;;2025-10-24 22:00:00
1761346800000;;2025-10-24 23:00:00
1761350400000;;2025-10-25 00:00:00
1761354000000;;2025-10-25 01:00:00
1761357600000;;2025-10-25 02:00:00
1761361200000;;2025-10-25 03:00:00
1761364800000;;2025-10-25 04:00:00
1761368400000;;2025-10-25 05:00:00
1761372000000;;2025-10-25 06:00:00
1761375600000;;2025-10-25 07:00:00
1761379200000;;2025-10-25 08:00:00
1761382800000;;2025-10-25 09:00:00
1761386400000;;2025-10-25 10:00:00
1761390000000;;2025-10-25 11:00:00
1761393600000;;2025-10-25 12:00:00
1761397200000;;2025-10-25 13:00:00
1761400800000;;2025-10-25 14:00:00
1761404400000;;2025-10-25 15:00:00
1761408000000;;2025-10-25 16:00:00
1761411600000;;2025-10-25 17:00:00
1761415200000;;2025-10-25 18:00:00
1761418800000;;2025-10-25 19:00:00
1761422400000;;2025-10-25 20:00:00
1761426000000;;2025-10-25 21:00:00
1761429600000;;2025-10-25 22:00:00
1761433200000;;2025-10-25 23:00:00
1761436800000;;2025-10-26 00:00:00
1761440400000;;2025-10-26 01:00:00
1761444000000;;2025-10-26 02:00:00
1761447600000;;2025-10-26 03:00:00
1761451200000;;2025-10-26 04:00:00
1761454800000;;2025-10-26 05:00:00
1761458400000;;2025-10-26 06:00:00
1761462000000;;2025-10-26 07:00:00
1761465600000;;2025-10-26 08:00:00
1761469200000;;2025-10-26 09:00:00
1761472800000;;2025-10-26 10:00:00
1761476400000;;2025-10-26 11:00:00
1761480000000;;2025-10-26 12:00:00
1761483600000;;2025-10-26 13:00:00
1761487200000;;2025-10-26 14:00:00
1761490800000;;2025-10-26 15:00:00
1761494400000;;2025-10-26 16:00:00
1761498000000;;2025-10-26 17:00:00
1761501600000;;2025-10-26 18:00:00
1761505200000;;2025-10-26 19:00:00
1761508800000;;2025-10-26 20:00:00
1761512400000;;2025-10-26 21:00:00
1761516000000;;2025-10-26 22:00:00
