id;userID;datum;uhrzeit;accountID;batchID;type;marginRate;amount;accountBalance;instrument;units;positionFill;reason;orderID;gainQuoteHomeConversionFactor;lossQuoteHomeConversionFactor;price;fullVWAP;pl;halfSpreadCost
232;37633556;2025-11-20;13:47:40.732805;101-011-37633556-002;231;ORDER_FILL;;;102524.7902;EUR_USD;2800000.0;;MARKET_ORDER_POSITION_CLOSEOUT;231;0.863595338145;0.872274688277;1.15223;1.15223;2006.9956;170.1153
200;37633556;2025-11-20;09:00:17.778971;101-011-37633556-002;199;ORDER_FILL;;;99856.1307;EUR_USD;-99879.0;;MARKET_ORDER_POSITION_CLOSEOUT;199;0.863644060791;0.872323900598;1.15205;1.15205;-23.5242;3.9012
209;37633556;2025-11-20;09:45:23.481996;101-011-37633556-002;209;MARKET_ORDER;;;;EUR_USD;-1000000.0;DEFAULT;CLIENT_ORDER;;;;;;;
208;37633556;2025-11-20;09:44:42.385165;101-011-37633556-002;207;ORDER_FILL;;;99773.4227;EUR_USD;-99803.0;;MARKET_ORDER_POSITION_CLOSEOUT;207;0.863460441185;0.872138435569;1.15229;1.15229;-29.5943;4.3304
207;37633556;2025-11-20;09:44:42.385165;101-011-37633556-002;207;MARKET_ORDER;;;;EUR_USD;-99803.0;REDUCE_ONLY;POSITION_CLOSEOUT;;;;;;;
206;37633556;2025-11-20;09:30:25.336719;101-011-37633556-002;205;ORDER_FILL;;;99803.017;EUR_USD;99803.0;;MARKET_ORDER;205;0.863284389659;0.871960614681;1.15263;1.15263;0.0;4.7625
204;37633556;2025-11-20;09:30:10.590250;101-011-37633556-002;203;ORDER_FILL;;;99803.017;EUR_USD;99856.0;;MARKET_ORDER_POSITION_CLOSEOUT;203;0.863295624344;0.871971962277;1.15261;1.15261;-53.1137;4.3319
203;37633556;2025-11-20;09:30:10.590250;101-011-37633556-002;203;MARKET_ORDER;;;;EUR_USD;99856.0;REDUCE_ONLY;POSITION_CLOSEOUT;;;;;;;
202;37633556;2025-11-20;09:00:37.456802;101-011-37633556-002;201;ORDER_FILL;;;99856.1307;EUR_USD;-99856.0;;MARKET_ORDER;201;0.863674048042;0.872354189228;1.152;1.152;0.0;4.7672
201;37633556;2025-11-20;09:00:37.456802;101-011-37633556-002;201;MARKET_ORDER;;;;EUR_USD;-99856.0;DEFAULT;CLIENT_ORDER;;;;;;;
199;37633556;2025-11-20;09:00:17.778971;101-011-37633556-002;199;MARKET_ORDER;;;;EUR_USD;-99879.0;REDUCE_ONLY;POSITION_CLOSEOUT;;;;;;;
211;37633556;2025-11-20;09:53:51.587578;101-011-37633556-002;211;MARKET_ORDER;;;;EUR_USD;1000000.0;REDUCE_ONLY;POSITION_CLOSEOUT;;;;;;;
198;37633556;2025-11-20;08:33:47.955246;101-011-37633556-002;197;ORDER_FILL;;;99879.6549;EUR_USD;99879.0;;MARKET_ORDER;197;0.863520391292;0.87219898819;1.15232;1.15232;0.0;5.2009
197;37633556;2025-11-20;08:33:47.955246;101-011-37633556-002;197;MARKET_ORDER;;;;EUR_USD;99879.0;DEFAULT;CLIENT_ORDER;;;;;;;
196;37633556;2025-11-20;08:19:15.899001;101-011-37633556-002;195;ORDER_FILL;;;99879.6549;EUR_USD;-99964.0;;MARKET_ORDER_POSITION_CLOSEOUT;195;0.864199142942;0.872884561464;1.15131;1.15131;-84.6393;3.907
195;37633556;2025-11-20;08:19:15.899001;101-011-37633556-002;195;MARKET_ORDER;;;;EUR_USD;-99964.0;REDUCE_ONLY;POSITION_CLOSEOUT;;;;;;;
194;37633556;2025-11-20;06:53:38.504182;101-011-37633556-002;193;ORDER_FILL;;;99964.2942;EUR_USD;99964.0;;MARKET_ORDER;193;0.863546621029;0.872225481542;1.15228;1.15228;0.0;4.7717
193;37633556;2025-11-20;06:53:38.504182;101-011-37633556-002;193;MARKET_ORDER;;;;EUR_USD;99964.0;DEFAULT;CLIENT_ORDER;;;;;;;
192;37633556;2025-11-20;06:53:04.962223;101-011-37633556-002;191;ORDER_FILL;;;99964.2942;EUR_USD;-100510.0;;MARKET_ORDER_POSITION_CLOSEOUT;191;0.863651558189;0.872331473347;1.15203;1.15203;-537.4664;4.7983
191;37633556;2025-11-20;06:53:04.962223;101-011-37633556-002;191;MARKET_ORDER;;;;EUR_USD;-100510.0;REDUCE_ONLY;POSITION_CLOSEOUT;;;;;;;
210;37633556;2025-11-20;09:45:23.481996;101-011-37633556-002;209;ORDER_FILL;;;99773.4227;EUR_USD;-1000000.0;;MARKET_ORDER;209;0.863535379843;0.872214127379;1.15218;1.15218;0.0;52.0725
205;37633556;2025-11-20;09:30:25.336719;101-011-37633556-002;205;MARKET_ORDER;;;;EUR_USD;99803.0;DEFAULT;CLIENT_ORDER;;;;;;;
212;37633556;2025-11-20;09:53:51.587578;101-011-37633556-002;211;ORDER_FILL;;;99372.326;EUR_USD;1000000.0;;MARKET_ORDER_POSITION_CLOSEOUT;211;0.86327315322;0.871949265313;1.15264;1.15264;-401.0967;43.3806
222;37633556;2025-11-20;13:15:01.625239;101-011-37633556-002;221;ORDER_FILL;;;101203.5286;EUR_USD;-2800000.0;;MARKET_ORDER;221;0.864285469301;0.872971755425;1.15118;1.15118;0.0;133.7688
231;37633556;2025-11-20;13:47:40.732805;101-011-37633556-002;231;MARKET_ORDER;;;;EUR_USD;2800000.0;REDUCE_ONLY;POSITION_CLOSEOUT;;;;;;;
230;37633556;2025-11-20;13:32:33.491783;101-011-37633556-002;229;ORDER_FILL;;;100517.7946;EUR_USD;-2800000.0;;MARKET_ORDER;229;0.862861408666;0.871533382622;1.15306;1.15306;0.0;169.9707
229;37633556;2025-11-20;13:32:33.491783;101-011-37633556-002;229;MARKET_ORDER;;;;EUR_USD;-2800000.0;DEFAULT;CLIENT_ORDER;;;;;;;
213;37633556;2025-11-20;09:54:33.861762;101-011-37633556-002;213;MARKET_ORDER;;;;EUR_USD;-2800000.0;DEFAULT;CLIENT_ORDER;;;;;;;
227;37633556;2025-11-20;13:32:25.198765;101-011-37633556-002;227;MARKET_ORDER;;;;EUR_USD;-2800000.0;REDUCE_ONLY;POSITION_CLOSEOUT;;;;;;;
226;37633556;2025-11-20;13:30:53.250253;101-011-37633556-002;225;ORDER_FILL;;;101493.9966;EUR_USD;2800000.0;;MARKET_ORDER;225;0.862752925988;0.871423809666;1.15338;1.15338;0.0;230.6455
225;37633556;2025-11-20;13:30:53.250253;101-011-37633556-002;225;MARKET_ORDER;;;;EUR_USD;2800000.0;DEFAULT;CLIENT_ORDER;;;;;;;
224;37633556;2025-11-20;13:30:34.521702;101-011-37633556-002;223;ORDER_FILL;;;101493.9966;EUR_USD;2800000.0;;MARKET_ORDER_POSITION_CLOSEOUT;223;0.864488220815;0.873176544642;1.15106;1.15106;290.468;218.9458
223;37633556;2025-11-20;13:30:34.521702;101-011-37633556-002;223;MARKET_ORDER;;;;EUR_USD;2800000.0;REDUCE_ONLY;POSITION_CLOSEOUT;;;;;;;
228;37633556;2025-11-20;13:32:25.198765;101-011-37633556-002;227;ORDER_FILL;;;100517.7946;EUR_USD;-2800000.0;;MARKET_ORDER_POSITION_CLOSEOUT;227;0.862936242272;0.871608968325;1.15298;1.15298;-976.202;145.7018
221;37633556;2025-11-20;13:15:01.625239;101-011-37633556-002;221;MARKET_ORDER;;;;EUR_USD;-2800000.0;DEFAULT;CLIENT_ORDER;;;;;;;
219;37633556;2025-11-20;13:14:50.656733;101-011-37633556-002;219;MARKET_ORDER;;;;EUR_USD;-2800000.0;REDUCE_ONLY;POSITION_CLOSEOUT;;;;;;;
218;37633556;2025-11-20;13:12:54.243359;101-011-37633556-002;217;ORDER_FILL;;;101961.2418;EUR_USD;2800000.0;;MARKET_ORDER;217;0.864116585586;0.872801174385;1.15153;1.15153;0.0;158.0595
220;37633556;2025-11-20;13:14:50.656733;101-011-37633556-002;219;ORDER_FILL;;;101203.5286;EUR_USD;-2800000.0;;MARKET_ORDER_POSITION_CLOSEOUT;219;0.864255441599;0.872941425937;1.15122;1.15122;-757.7132;145.9245
217;37633556;2025-11-20;13:12:54.243359;101-011-37633556-002;217;MARKET_ORDER;;;;EUR_USD;2800000.0;DEFAULT;CLIENT_ORDER;;;;;;;
216;37633556;2025-11-20;13:12:32.285159;101-011-37633556-002;215;ORDER_FILL;;;101961.2418;EUR_USD;2800000.0;;MARKET_ORDER_POSITION_CLOSEOUT;215;0.864124091191;0.872808755424;1.15153;1.15153;2588.9158;182.3779
215;37633556;2025-11-20;13:12:32.285159;101-011-37633556-002;215;MARKET_ORDER;;;;EUR_USD;2800000.0;REDUCE_ONLY;POSITION_CLOSEOUT;;;;;;;
214;37633556;2025-11-20;09:54:33.861762;101-011-37633556-002;213;ORDER_FILL;;;99372.326;EUR_USD;-2800000.0;;MARKET_ORDER;213;0.863224472381;0.871900095219;1.1526;1.1526;0.0;133.6046
189;37633556;2025-11-19;08:11:17.198274;101-011-37633556-002;188;ORDER_FILL;;;100510.0492;EUR_USD;100510.0;;MARKET_ORDER;188;0.859162170408;0.86779696609;1.15816;1.15816;0.0;4.7734
188;37633556;2025-11-19;08:11:17.198274;101-011-37633556-002;188;MARKET_ORDER;;;;EUR_USD;100510.0;DEFAULT;CLIENT_ORDER;;;;;;;
190;37633556;2025-11-19;22:00:00;101-011-37633556-002;190;DAILY_FINANCING;;;100501.7606;;;;;;;;;;;
177;37633556;2025-11-14;07:20:33.113732;101-011-37633556-002;176;ORDER_FILL;;;99492.5894;EUR_USD;-99492.0;;MARKET_ORDER;176;0.854598085269;0.863187010749;1.16424;1.16424;0.0;4.2726
166;37633556;2025-11-14;06:51:04.975056;101-011-37633556-002;166;MARKET_ORDER;;;;EUR_USD;99591.0;DEFAULT;CLIENT_ORDER;;;;;;;
167;37633556;2025-11-14;06:51:04.975056;101-011-37633556-002;166;ORDER_FILL;;;99591.4486;EUR_USD;99591.0;;MARKET_ORDER;166;0.855200395974;0.863795374828;1.16352;1.16352;0.0;4.2799
168;37633556;2025-11-14;06:51:32.031876;101-011-37633556-002;168;MARKET_ORDER;;;;EUR_USD;-99591.0;REDUCE_ONLY;POSITION_CLOSEOUT;;;;;;;
169;37633556;2025-11-14;06:51:32.031876;101-011-37633556-002;168;ORDER_FILL;;;99575.9628;EUR_USD;-99591.0;;MARKET_ORDER_POSITION_CLOSEOUT;168;0.855259203453;0.863854773337;1.16334;1.16334;-15.4858;4.2802
170;37633556;2025-11-14;06:51:44.356410;101-011-37633556-002;170;MARKET_ORDER;;;;EUR_USD;-99575.0;DEFAULT;CLIENT_ORDER;;;;;;;
171;37633556;2025-11-14;06:51:44.356410;101-011-37633556-002;170;ORDER_FILL;;;99575.9628;EUR_USD;-99575.0;;MARKET_ORDER;170;0.855233474707;0.863828786011;1.16337;1.16337;0.0;4.7073
172;37633556;2025-11-14;07:19:59.364567;101-011-37633556-002;172;MARKET_ORDER;;;;EUR_USD;-99488.0;DEFAULT;CLIENT_ORDER;;;;;;;
173;37633556;2025-11-14;07:19:59.364567;101-011-37633556-002;172;ORDER_FILL;;;99575.9628;EUR_USD;-99488.0;;MARKET_ORDER;172;0.854605426483;0.863194425744;1.16422;1.16422;0.0;5.127
174;37633556;2025-11-14;07:20:16.915802;101-011-37633556-002;174;MARKET_ORDER;;;;EUR_USD;199063.0;REDUCE_ONLY;POSITION_CLOSEOUT;;;;;;;
175;37633556;2025-11-14;07:20:16.915802;101-011-37633556-002;174;ORDER_FILL;;;99492.5894;EUR_USD;199063.0;;MARKET_ORDER_POSITION_CLOSEOUT;174;0.854645798968;0.863235203983;1.16428;1.16428;-83.3734;9.4041
176;37633556;2025-11-14;07:20:33.113732;101-011-37633556-002;176;MARKET_ORDER;;;;EUR_USD;-99492.0;DEFAULT;CLIENT_ORDER;;;;;;;
186;37633556;2025-11-14;12:27:41.465382;101-011-37633556-002;186;MARKET_ORDER;;;;EUR_USD;-993873.0;REDUCE_ONLY;POSITION_CLOSEOUT;;;;;;;
179;37633556;2025-11-14;07:53:53.152605;101-011-37633556-002;178;ORDER_FILL;;;99546.189;EUR_USD;99492.0;;MARKET_ORDER_POSITION_CLOSEOUT;178;0.855130572107;0.863724849214;1.16361;1.16361;53.5996;3.8478
180;37633556;2025-11-14;07:56:13.201879;101-011-37633556-002;180;MARKET_ORDER;;;;EUR_USD;99546.0;DEFAULT;CLIENT_ORDER;;;;;;;
181;37633556;2025-11-14;07:56:13.201879;101-011-37633556-002;180;ORDER_FILL;;;99546.189;EUR_USD;99546.0;;MARKET_ORDER;180;0.855226122761;0.863821360176;1.16348;1.16348;0.0;3.8503
182;37633556;2025-11-14;10:55:11.171138;101-011-37633556-002;182;MARKET_ORDER;;;;EUR_USD;-99546.0;REDUCE_ONLY;POSITION_CLOSEOUT;;;;;;;
183;37633556;2025-11-14;10:55:11.171138;101-011-37633556-002;182;ORDER_FILL;;;99387.7298;EUR_USD;-99546.0;;MARKET_ORDER_POSITION_CLOSEOUT;182;0.85651077716;0.865118925674;1.16164;1.16164;-158.4592;4.2845
184;37633556;2025-11-14;10:55:36.343698;101-011-37633556-002;184;MARKET_ORDER;;;;EUR_USD;993873.0;DEFAULT;CLIENT_ORDER;;;;;;;
185;37633556;2025-11-14;10:55:36.343698;101-011-37633556-002;184;ORDER_FILL;;;99387.7298;EUR_USD;993873.0;;MARKET_ORDER;184;0.856532896647;0.865141267468;1.16172;1.16172;0.0;51.3338
187;37633556;2025-11-14;12:27:41.465382;101-011-37633556-002;186;ORDER_FILL;;;100510.0492;EUR_USD;-993873.0;;MARKET_ORDER_POSITION_CLOSEOUT;186;0.855483480689;0.864081304616;1.16304;1.16304;1122.3194;38.4532
178;37633556;2025-11-14;07:53:53.152605;101-011-37633556-002;178;MARKET_ORDER;;;;EUR_USD;99492.0;REDUCE_ONLY;POSITION_CLOSEOUT;;;;;;;
152;37633556;2025-11-12;08:23:31.612216;101-011-37633556-002;152;MARKET_ORDER;;;;EUR_USD;-1.0;REDUCE_ONLY;POSITION_CLOSEOUT;;;;;;;
154;37633556;2025-11-12;08:24:14.077780;101-011-37633556-002;154;MARKET_ORDER;;;;EUR_USD;-99000.0;DEFAULT;CLIENT_ORDER;;;;;;;
153;37633556;2025-11-12;08:23:31.612216;101-011-37633556-002;152;ORDER_FILL;;;99738.5404;EUR_USD;-1.0;;MARKET_ORDER_POSITION_CLOSEOUT;152;0.858906302392;0.867538526536;1.15839;1.15839;0.0;0.0001
155;37633556;2025-11-12;08:24:14.077780;101-011-37633556-002;154;ORDER_FILL;;;99738.5404;EUR_USD;-99000.0;;MARKET_ORDER;154;0.858924837911;0.867557248342;1.15837;1.15837;0.0;4.7003
151;37633556;2025-11-12;08:20:56.070519;101-011-37633556-002;150;ORDER_FILL;;;99738.5404;EUR_USD;1.0;;MARKET_ORDER;150;0.858954497302;0.867587205818;1.15844;1.15844;0.0;0.0
150;37633556;2025-11-12;08:20:56.070519;101-011-37633556-002;150;MARKET_ORDER;;;;EUR_USD;1.0;DEFAULT;CLIENT_ORDER;;;;;;;
157;37633556;2025-11-12;08:25:03.887063;101-011-37633556-002;156;ORDER_FILL;;;99723.0815;EUR_USD;99000.0;;MARKET_ORDER_POSITION_CLOSEOUT;156;0.858869231545;0.867501083118;1.15855;1.15855;-15.4589;4.2728
156;37633556;2025-11-12;08:25:03.887063;101-011-37633556-002;156;MARKET_ORDER;;;;EUR_USD;99000.0;REDUCE_ONLY;POSITION_CLOSEOUT;;;;;;;
160;37633556;2025-11-12;10:48:21.397431;101-011-37633556-002;160;MARKET_ORDER;;;;EUR_USD;-99000.0;REDUCE_ONLY;POSITION_CLOSEOUT;;;;;;;
158;37633556;2025-11-12;08:25:23.133576;101-011-37633556-002;158;MARKET_ORDER;;;;EUR_USD;99000.0;DEFAULT;CLIENT_ORDER;;;;;;;
159;37633556;2025-11-12;08:25:23.133576;101-011-37633556-002;158;ORDER_FILL;;;99723.0815;EUR_USD;99000.0;;MARKET_ORDER;158;0.858876645241;0.867508571323;1.15854;1.15854;0.0;4.2728
161;37633556;2025-11-12;10:48:21.397431;101-011-37633556-002;160;ORDER_FILL;;;99579.4611;EUR_USD;-99000.0;;MARKET_ORDER_POSITION_CLOSEOUT;160;0.860045901541;0.868689578944;1.15687;1.15687;-143.6204;3.8508
162;37633556;2025-11-12;10:48:38.379568;101-011-37633556-002;162;MARKET_ORDER;;;;EUR_USD;99579.0;DEFAULT;CLIENT_ORDER;;;;;;;
163;37633556;2025-11-12;10:48:38.379568;101-011-37633556-002;162;ORDER_FILL;;;99579.4611;EUR_USD;99579.0;;MARKET_ORDER;162;0.860045902569;0.868689579982;1.15697;1.15697;0.0;4.734
164;37633556;2025-11-12;13:26:47.399591;101-011-37633556-002;164;MARKET_ORDER;;;;EUR_USD;-99579.0;REDUCE_ONLY;POSITION_CLOSEOUT;;;;;;;
165;37633556;2025-11-12;13:26:47.399591;101-011-37633556-002;164;ORDER_FILL;;;99591.4486;EUR_USD;-99579.0;;MARKET_ORDER_POSITION_CLOSEOUT;164;0.859867523521;0.868509408179;1.15711;1.15711;11.9875;3.8725
132;37633556;2025-11-11;14:22:06.028455;101-011-37633556-002;132;MARKET_ORDER;;;;EUR_USD;99000.0;DEFAULT;CLIENT_ORDER;;;;;;;
126;37633556;2025-11-11;14:16:07.522120;101-011-37633556-002;126;MARKET_ORDER;;;;EUR_USD;99000.0;DEFAULT;CLIENT_ORDER;;;;;;;
131;37633556;2025-11-11;14:21:47.543152;101-011-37633556-002;129;ORDER_CANCEL;;;;;;;LINKED_TRADE_CLOSED;128;;;;;;
130;37633556;2025-11-11;14:21:47.543152;101-011-37633556-002;129;ORDER_FILL;;;99790.8975;EUR_USD;-99000.0;;MARKET_ORDER;129;0.857939827085;0.86656233791;1.15971;1.15971;10.1923;3.8413
129;37633556;2025-11-11;14:21:47.543152;101-011-37633556-002;129;MARKET_ORDER;;;;EUR_USD;-99000.0;DEFAULT;CLIENT_ORDER;;;;;;;
128;37633556;2025-11-11;14:16:07.522120;101-011-37633556-002;126;STOP_LOSS_ORDER;;;;;;;ON_FILL;;;;1.05959;;;
127;37633556;2025-11-11;14:16:07.522120;101-011-37633556-002;126;ORDER_FILL;;;99780.7052;EUR_USD;99000.0;;MARKET_ORDER;126;0.858102606085;0.86672675288;1.15959;1.15959;0.0;4.6958
118;37633556;2025-11-11;14:14:02.089141;101-011-37633556-002;117;ORDER_FILL;;;99827.9029;EUR_USD;99000.0;;MARKET_ORDER;117;0.857832575854;0.866454008777;1.15995;1.15995;5.9448;4.2676
125;37633556;2025-11-11;14:15:59.124178;101-011-37633556-002;123;ORDER_CANCEL;;;;;;;LINKED_TRADE_CLOSED;122;;;;;;
124;37633556;2025-11-11;14:15:59.124178;101-011-37633556-002;123;ORDER_FILL;;;99780.7052;EUR_USD;-99000.0;;MARKET_ORDER_POSITION_CLOSEOUT;123;0.85818401824;0.866808983247;1.15937;1.15937;-47.1977;4.6963
123;37633556;2025-11-11;14:15:59.124178;101-011-37633556-002;123;MARKET_ORDER;;;;EUR_USD;-99000.0;REDUCE_ONLY;POSITION_CLOSEOUT;;;;;;;
122;37633556;2025-11-11;14:14:13.436576;101-011-37633556-002;120;STOP_LOSS_ORDER;;;;;;;ON_FILL;;;;1.05992;;;
121;37633556;2025-11-11;14:14:13.436576;101-011-37633556-002;120;ORDER_FILL;;;99827.9029;EUR_USD;99000.0;;MARKET_ORDER;120;0.857854763666;0.866476419582;1.15992;1.15992;0.0;4.2677
120;37633556;2025-11-11;14:14:13.436576;101-011-37633556-002;120;MARKET_ORDER;;;;EUR_USD;99000.0;DEFAULT;CLIENT_ORDER;;;;;;;
134;37633556;2025-11-11;14:22:06.028455;101-011-37633556-002;132;STOP_LOSS_ORDER;;;;;;;ON_FILL;;;;1.05979;;;
133;37633556;2025-11-11;14:22:06.028455;101-011-37633556-002;132;ORDER_FILL;;;99790.8975;EUR_USD;99000.0;;MARKET_ORDER;132;0.857947224744;0.866569809918;1.15979;1.15979;0.0;3.8414
147;37633556;2025-11-11;15:27:42.622110;101-011-37633556-002;147;MARKET_ORDER;;;;EUR_USD;-99000.0;REDUCE_ONLY;POSITION_CLOSEOUT;;;;;;;
135;37633556;2025-11-11;14:22:57.310247;101-011-37633556-002;135;MARKET_ORDER;;;;EUR_USD;-99000.0;DEFAULT;CLIENT_ORDER;;;;;;;
136;37633556;2025-11-11;14:22:57.310247;101-011-37633556-002;135;ORDER_FILL;;;99795.993;EUR_USD;-99000.0;;MARKET_ORDER;135;0.857832575854;0.866454008777;1.15985;1.15985;5.0955;4.2676
137;37633556;2025-11-11;14:22:57.310247;101-011-37633556-002;135;ORDER_CANCEL;;;;;;;LINKED_TRADE_CLOSED;134;;;;;;
138;37633556;2025-11-11;14:23:46.642113;101-011-37633556-002;138;MARKET_ORDER;;;;EUR_USD;-99000.0;DEFAULT;CLIENT_ORDER;;;;;;;
139;37633556;2025-11-11;14:23:46.642113;101-011-37633556-002;138;ORDER_FILL;;;99795.993;EUR_USD;-99000.0;;MARKET_ORDER;138;0.857821482905;0.866442804341;1.15986;1.15986;0.0;4.6943
140;37633556;2025-11-11;14:23:46.642113;101-011-37633556-002;138;STOP_LOSS_ORDER;;;;;;;ON_FILL;;;;1.25986;;;
141;37633556;2025-11-11;14:27:03.190981;101-011-37633556-002;141;MARKET_ORDER;;;;EUR_USD;99000.0;DEFAULT;CLIENT_ORDER;;;;;;;
142;37633556;2025-11-11;14:27:03.190981;101-011-37633556-002;141;ORDER_FILL;;;99752.2614;EUR_USD;99000.0;;MARKET_ORDER;141;0.857525762693;0.866144112067;1.16037;1.16037;-43.7316;4.6927
143;37633556;2025-11-11;14:27:03.190981;101-011-37633556-002;141;ORDER_CANCEL;;;;;;;LINKED_TRADE_CLOSED;140;;;;;;
144;37633556;2025-11-11;14:27:04.678972;101-011-37633556-002;144;MARKET_ORDER;;;;EUR_USD;99000.0;DEFAULT;CLIENT_ORDER;;;;;;;
145;37633556;2025-11-11;14:27:04.678972;101-011-37633556-002;144;ORDER_FILL;;;99752.2614;EUR_USD;99000.0;;MARKET_ORDER;144;0.857559020513;0.866177704136;1.16032;1.16032;0.0;4.2662
146;37633556;2025-11-11;14:27:04.678972;101-011-37633556-002;144;STOP_LOSS_ORDER;;;;;;;ON_FILL;;;;1.06032;;;
148;37633556;2025-11-11;15:27:42.622110;101-011-37633556-002;147;ORDER_FILL;;;99738.5404;EUR_USD;-99000.0;;MARKET_ORDER_POSITION_CLOSEOUT;147;0.857603368986;0.866222498322;1.16016;1.16016;-13.721;4.2665
149;37633556;2025-11-11;15:27:42.622110;101-011-37633556-002;147;ORDER_CANCEL;;;;;;;LINKED_TRADE_CLOSED;146;;;;;;
119;37633556;2025-11-11;14:14:02.089141;101-011-37633556-002;117;ORDER_CANCEL;;;;;;;LINKED_TRADE_CLOSED;116;;;;;;
117;37633556;2025-11-11;14:14:02.089141;101-011-37633556-002;117;MARKET_ORDER;;;;EUR_USD;99000.0;DEFAULT;CLIENT_ORDER;;;;;;;
59;37633556;2025-11-11;09:53:45.916924;101-011-37633556-002;57;ORDER_CANCEL;;;;;;;LINKED_TRADE_CLOSED;56;;;;;;
57;37633556;2025-11-11;09:53:45.916924;101-011-37633556-002;57;MARKET_ORDER;;;;EUR_USD;-15000.0;DEFAULT;CLIENT_ORDER;;;;;;;
48;37633556;2025-11-11;09:49:44.889704;101-011-37633556-002;48;MARKET_ORDER;;;;EUR_USD;-15000.0;DEFAULT;CLIENT_ORDER;;;;;;;
49;37633556;2025-11-11;09:49:44.889704;101-011-37633556-002;48;ORDER_FILL;;;99992.6212;EUR_USD;-15000.0;;MARKET_ORDER;48;0.860335924753;0.868982516961;1.15647;1.15647;-2.7373;0.7133
50;37633556;2025-11-11;09:49:44.889704;101-011-37633556-002;48;ORDER_CANCEL;;;;;;;LINKED_TRADE_CLOSED;44;;;;;;
51;37633556;2025-11-11;09:49:50.702949;101-011-37633556-002;51;MARKET_ORDER;;;;EUR_USD;-15000.0;DEFAULT;CLIENT_ORDER;;;;;;;
52;37633556;2025-11-11;09:49:50.702949;101-011-37633556-002;51;ORDER_FILL;;;99990.666;EUR_USD;-15000.0;;MARKET_ORDER;51;0.860350801929;0.868997543657;1.15646;1.15646;-1.9552;0.5837
53;37633556;2025-11-11;09:49:50.702949;101-011-37633556-002;51;ORDER_CANCEL;;;;;;;LINKED_TRADE_CLOSED;47;;;;;;
54;37633556;2025-11-11;09:49:59.874247;101-011-37633556-002;54;MARKET_ORDER;;;;EUR_USD;15000.0;DEFAULT;CLIENT_ORDER;;;;;;;
55;37633556;2025-11-11;09:49:59.874247;101-011-37633556-002;54;ORDER_FILL;;;99990.666;EUR_USD;15000.0;;MARKET_ORDER;54;0.860343363791;0.868990030764;1.15657;1.15657;0.0;0.7134
56;37633556;2025-11-11;09:49:59.874247;101-011-37633556-002;54;STOP_LOSS_ORDER;;;;;;;ON_FILL;;;;1.05657;;;
58;37633556;2025-11-11;09:53:45.916924;101-011-37633556-002;57;ORDER_FILL;;;99991.4402;EUR_USD;-15000.0;;MARKET_ORDER;57;0.860228071658;0.868873579915;1.15663;1.15663;0.7742;0.5187
46;37633556;2025-11-11;09:49:29.352885;101-011-37633556-002;45;ORDER_FILL;;;99995.3585;EUR_USD;15000.0;;MARKET_ORDER;45;0.860309888601;0.86895621914;1.15661;1.15661;0.0;0.6485
116;37633556;2025-11-11;14:12:13.040786;101-011-37633556-002;114;STOP_LOSS_ORDER;;;;;;;ON_FILL;;;;1.26002;;;
60;37633556;2025-11-11;09:54:31.088749;101-011-37633556-002;60;MARKET_ORDER;;;;EUR_USD;-15000.0;DEFAULT;CLIENT_ORDER;;;;;;;
61;37633556;2025-11-11;09:54:31.088749;101-011-37633556-002;60;ORDER_FILL;;;99991.4402;EUR_USD;-15000.0;;MARKET_ORDER;60;0.860280135535;0.868926167048;1.15655;1.15655;0.0;0.6485
62;37633556;2025-11-11;09:54:31.088749;101-011-37633556-002;60;STOP_LOSS_ORDER;;;;;;;ON_FILL;;;;1.25655;;;
63;37633556;2025-11-11;09:55:31.656310;101-011-37633556-002;63;MARKET_ORDER;;;;EUR_USD;15000.0;DEFAULT;CLIENT_ORDER;;;;;;;
64;37633556;2025-11-11;09:55:31.656310;101-011-37633556-002;63;ORDER_FILL;;;99991.5693;EUR_USD;15000.0;;MARKET_ORDER;63;0.860361961419;0.869008815302;1.15654;1.15654;0.1291;0.6485
66;37633556;2025-11-11;09:59:35.966056;101-011-37633556-002;66;MARKET_ORDER;;;;EUR_USD;-99900.0;DEFAULT;CLIENT_ORDER;;;;;;;
67;37633556;2025-11-11;09:59:35.966056;101-011-37633556-002;66;ORDER_FILL;;;99991.5693;EUR_USD;-99900.0;;MARKET_ORDER;66;0.860220635577;0.868866069101;1.15663;1.15663;0.0;4.3184
68;37633556;2025-11-11;09:59:35.966056;101-011-37633556-002;66;STOP_LOSS_ORDER;;;;;;;ON_FILL;;;;1.25663;;;
47;37633556;2025-11-11;09:49:29.352885;101-011-37633556-002;45;STOP_LOSS_ORDER;;;;;;;ON_FILL;;;;1.05661;;;
45;37633556;2025-11-11;09:49:29.352885;101-011-37633556-002;45;MARKET_ORDER;;;;EUR_USD;15000.0;DEFAULT;CLIENT_ORDER;;;;;;;
70;37633556;2025-11-11;10:00:04.774885;101-011-37633556-002;69;ORDER_FILL;;;100006.1819;EUR_USD;99900.0;;MARKET_ORDER;69;0.860425201703;0.869072691168;1.15646;1.15646;14.6126;4.7514
33;37633556;2025-11-11;09:46:47.115813;101-011-37633556-002;33;MARKET_ORDER;;;;EUR_USD;15000.0;DEFAULT;CLIENT_ORDER;;;;;;;
24;37633556;2025-11-11;09:26:19.222849;101-011-37633556-002;24;MARKET_ORDER;;;;EUR_USD;15000.0;DEFAULT;CLIENT_ORDER;;;;;;;
25;37633556;2025-11-11;09:26:19.222849;101-011-37633556-002;24;ORDER_FILL;;;99997.9655;EUR_USD;15000.0;;MARKET_ORDER;24;0.860462405902;0.869110269277;1.15641;1.15641;0.0;0.7134
26;37633556;2025-11-11;09:26:19.222849;101-011-37633556-002;24;STOP_LOSS_ORDER;;;;;;;ON_FILL;;;;1.05641;;;
27;37633556;2025-11-11;09:27:47.011167;101-011-37633556-002;27;MARKET_ORDER;;;;EUR_USD;-15000.0;DEFAULT;CLIENT_ORDER;;;;;;;
28;37633556;2025-11-11;09:27:47.011167;101-011-37633556-002;27;ORDER_FILL;;;99996.5315;EUR_USD;-15000.0;;MARKET_ORDER;27;0.860469846098;0.869117784249;1.1563;1.1563;-1.434;0.5837
29;37633556;2025-11-11;09:27:47.011167;101-011-37633556-002;27;ORDER_CANCEL;;;;;;;LINKED_TRADE_CLOSED;26;;;;;;
30;37633556;2025-11-11;09:45:37.525499;101-011-37633556-002;30;MARKET_ORDER;;;;EUR_USD;-15000.0;DEFAULT;CLIENT_ORDER;;;;;;;
31;37633556;2025-11-11;09:45:37.525499;101-011-37633556-002;30;ORDER_FILL;;;99996.5315;EUR_USD;-15000.0;;MARKET_ORDER;30;0.860231791723;0.868877337369;1.15661;1.15661;0.0;0.7133
32;37633556;2025-11-11;09:45:37.525499;101-011-37633556-002;30;STOP_LOSS_ORDER;;;;;;;ON_FILL;;;;1.25661;;;
34;37633556;2025-11-11;09:46:47.115813;101-011-37633556-002;33;ORDER_FILL;;;99995.8798;EUR_USD;15000.0;;MARKET_ORDER;33;0.860272697591;0.86891865435;1.15666;1.15666;-0.6517;0.6484
44;37633556;2025-11-11;09:49:03.688897;101-011-37633556-002;42;STOP_LOSS_ORDER;;;;;;;ON_FILL;;;;1.05668;;;
35;37633556;2025-11-11;09:46:47.115813;101-011-37633556-002;33;ORDER_CANCEL;;;;;;;LINKED_TRADE_CLOSED;32;;;;;;
36;37633556;2025-11-11;09:47:52.150024;101-011-37633556-002;36;MARKET_ORDER;;;;EUR_USD;-15000.0;DEFAULT;CLIENT_ORDER;;;;;;;
37;37633556;2025-11-11;09:47:52.150024;101-011-37633556-002;36;ORDER_FILL;;;99995.8798;EUR_USD;-15000.0;;MARKET_ORDER;36;0.860194606436;0.868839778359;1.15667;1.15667;0.0;0.5835
38;37633556;2025-11-11;09:47:52.150024;101-011-37633556-002;36;STOP_LOSS_ORDER;;;;;;;ON_FILL;;;;1.25667;;;
39;37633556;2025-11-11;09:48:37.934741;101-011-37633556-002;39;MARKET_ORDER;;;;EUR_USD;15000.0;DEFAULT;CLIENT_ORDER;;;;;;;
40;37633556;2025-11-11;09:48:37.934741;101-011-37633556-002;39;ORDER_FILL;;;99995.3585;EUR_USD;15000.0;;MARKET_ORDER;39;0.860239228961;0.868884849352;1.15671;1.15671;-0.5213;0.7133
41;37633556;2025-11-11;09:48:37.934741;101-011-37633556-002;39;ORDER_CANCEL;;;;;;;LINKED_TRADE_CLOSED;38;;;;;;
42;37633556;2025-11-11;09:49:03.688897;101-011-37633556-002;42;MARKET_ORDER;;;;EUR_USD;15000.0;DEFAULT;CLIENT_ORDER;;;;;;;
43;37633556;2025-11-11;09:49:03.688897;101-011-37633556-002;42;ORDER_FILL;;;99995.3585;EUR_USD;15000.0;;MARKET_ORDER;42;0.860257822087;0.868903629344;1.15668;1.15668;0.0;0.6484
69;37633556;2025-11-11;10:00:04.774885;101-011-37633556-002;69;MARKET_ORDER;;;;EUR_USD;99900.0;DEFAULT;CLIENT_ORDER;;;;;;;
65;37633556;2025-11-11;09:55:31.656310;101-011-37633556-002;63;ORDER_CANCEL;;;;;;;LINKED_TRADE_CLOSED;62;;;;;;
71;37633556;2025-11-11;10:00:04.774885;101-011-37633556-002;69;ORDER_CANCEL;;;;;;;LINKED_TRADE_CLOSED;68;;;;;;
105;37633556;2025-11-11;14:09:41.022706;101-011-37633556-002;105;MARKET_ORDER;;;;EUR_USD;99000.0;DEFAULT;CLIENT_ORDER;;;;;;;
96;37633556;2025-11-11;14:08:50.951899;101-011-37633556-002;96;MARKET_ORDER;;;;EUR_USD;99000.0;DEFAULT;CLIENT_ORDER;;;;;;;
97;37633556;2025-11-11;14:08:50.951899;101-011-37633556-002;96;ORDER_FILL;;;99846.9047;EUR_USD;99000.0;;MARKET_ORDER;96;0.857851066144;0.866472684899;1.15993;1.15993;0.0;4.6945
72;37633556;2025-11-11;10:02:52.940614;101-011-37633556-002;72;MARKET_ORDER;;;;EUR_USD;-99900.0;DEFAULT;CLIENT_ORDER;;;;;;;
99;37633556;2025-11-11;14:09:03.857277;101-011-37633556-002;99;MARKET_ORDER;;;;EUR_USD;-99000.0;DEFAULT;CLIENT_ORDER;;;;;;;
100;37633556;2025-11-11;14:09:03.857277;101-011-37633556-002;99;ORDER_FILL;;;99831.4632;EUR_USD;-99000.0;;MARKET_ORDER;99;0.857906539691;0.86652871597;1.15975;1.15975;-15.4415;4.268
101;37633556;2025-11-11;14:09:03.857277;101-011-37633556-002;99;ORDER_CANCEL;;;;;;;LINKED_TRADE_CLOSED;98;;;;;;
102;37633556;2025-11-11;14:09:05.272333;101-011-37633556-002;102;MARKET_ORDER;;;;EUR_USD;-99000.0;DEFAULT;CLIENT_ORDER;;;;;;;
103;37633556;2025-11-11;14:09:05.272333;101-011-37633556-002;102;ORDER_FILL;;;99831.4632;EUR_USD;-99000.0;;MARKET_ORDER;102;0.857906539691;0.86652871597;1.15975;1.15975;0.0;4.268
104;37633556;2025-11-11;14:09:05.272333;101-011-37633556-002;102;STOP_LOSS_ORDER;;;;;;;ON_FILL;;;;1.25975;;;
106;37633556;2025-11-11;14:09:41.022706;101-011-37633556-002;105;ORDER_FILL;;;99815.165;EUR_USD;99000.0;;MARKET_ORDER;105;0.857843670143;0.866465214566;1.15994;1.15994;-16.2982;4.6944
94;37633556;2025-11-11;14:08:38.457312;101-011-37633556-002;93;ORDER_FILL;;;99846.9047;EUR_USD;99000.0;;MARKET_ORDER;93;0.857828878523;0.866450274287;1.15996;1.15996;15.2865;4.6943
107;37633556;2025-11-11;14:09:41.022706;101-011-37633556-002;105;ORDER_CANCEL;;;;;;;LINKED_TRADE_CLOSED;104;;;;;;
108;37633556;2025-11-11;14:09:43.652350;101-011-37633556-002;108;MARKET_ORDER;;;;EUR_USD;99000.0;DEFAULT;CLIENT_ORDER;;;;;;;
109;37633556;2025-11-11;14:09:43.652350;101-011-37633556-002;108;ORDER_FILL;;;99815.165;EUR_USD;99000.0;;MARKET_ORDER;108;0.857843670143;0.866465214566;1.15994;1.15994;0.0;4.6944
110;37633556;2025-11-11;14:09:43.652350;101-011-37633556-002;108;STOP_LOSS_ORDER;;;;;;;ON_FILL;;;;1.05994;;;
111;37633556;2025-11-11;14:10:06.850385;101-011-37633556-002;111;MARKET_ORDER;;;;EUR_USD;-99000.0;DEFAULT;CLIENT_ORDER;;;;;;;
112;37633556;2025-11-11;14:10:06.850385;101-011-37633556-002;111;ORDER_FILL;;;99821.9581;EUR_USD;-99000.0;;MARKET_ORDER;111;0.857710562907;0.86633076957;1.16002;1.16002;6.7931;3.8403
113;37633556;2025-11-11;14:10:06.850385;101-011-37633556-002;111;ORDER_CANCEL;;;;;;;LINKED_TRADE_CLOSED;110;;;;;;
114;37633556;2025-11-11;14:12:13.040786;101-011-37633556-002;114;MARKET_ORDER;;;;EUR_USD;-99000.0;DEFAULT;CLIENT_ORDER;;;;;;;
115;37633556;2025-11-11;14:12:13.040786;101-011-37633556-002;114;ORDER_FILL;;;99821.9581;EUR_USD;-99000.0;;MARKET_ORDER;114;0.857703170348;0.866323302714;1.16002;1.16002;0.0;4.6937
95;37633556;2025-11-11;14:08:38.457312;101-011-37633556-002;93;ORDER_CANCEL;;;;;;;LINKED_TRADE_CLOSED;92;;;;;;
98;37633556;2025-11-11;14:08:50.951899;101-011-37633556-002;96;STOP_LOSS_ORDER;;;;;;;ON_FILL;;;;1.05993;;;
93;37633556;2025-11-11;14:08:38.457312;101-011-37633556-002;93;MARKET_ORDER;;;;EUR_USD;99000.0;DEFAULT;CLIENT_ORDER;;;;;;;
82;37633556;2025-11-11;13:49:37.298569;101-011-37633556-002;81;ORDER_FILL;;;99777.2786;EUR_USD;100000.0;;MARKET_ORDER;81;0.858132207696;0.866756651995;1.15954;1.15954;-238.3581;3.881
73;37633556;2025-11-11;10:02:52.940614;101-011-37633556-002;72;ORDER_FILL;;;100006.1819;EUR_USD;-99900.0;;MARKET_ORDER;72;0.860235509795;0.868881092808;1.15661;1.15661;0.0;4.3185
74;37633556;2025-11-11;10:02:52.940614;101-011-37633556-002;72;STOP_LOSS_ORDER;;;;;;;ON_FILL;;;;1.25661;;;
75;37633556;2025-11-11;10:04:20.235699;101-011-37633556-002;75;MARKET_ORDER;;;;EUR_USD;99900.0;DEFAULT;CLIENT_ORDER;;;;;;;
76;37633556;2025-11-11;10:04:20.235699;101-011-37633556-002;75;ORDER_FILL;;;100015.6367;EUR_USD;99900.0;;MARKET_ORDER;75;0.860391720145;0.869038873111;1.1565;1.1565;9.4548;4.3193
92;37633556;2025-11-11;13:55:54.651790;101-011-37633556-002;90;STOP_LOSS_ORDER;;;;;;;ON_FILL;;;;1.26014;;;
78;37633556;2025-11-11;10:17:32.106714;101-011-37633556-002;78;MARKET_ORDER;;;;EUR_USD;-100000.0;DEFAULT;CLIENT_ORDER;;;;;;;
79;37633556;2025-11-11;10:17:32.106714;101-011-37633556-002;78;ORDER_FILL;;;100015.6367;EUR_USD;-100000.0;;MARKET_ORDER;78;0.860105377329;0.868749652478;1.15679;1.15679;0.0;3.8899
80;37633556;2025-11-11;10:17:32.106714;101-011-37633556-002;78;STOP_LOSS_ORDER;;;;;;;ON_FILL;;;;1.25679;;;
81;37633556;2025-11-11;13:49:37.298569;101-011-37633556-002;81;MARKET_ORDER;;;;EUR_USD;100000.0;DEFAULT;CLIENT_ORDER;;;;;;;
77;37633556;2025-11-11;10:04:20.235699;101-011-37633556-002;75;ORDER_CANCEL;;;;;;;LINKED_TRADE_CLOSED;74;;;;;;
83;37633556;2025-11-11;13:49:37.298569;101-011-37633556-002;81;ORDER_CANCEL;;;;;;;LINKED_TRADE_CLOSED;80;;;;;;
85;37633556;2025-11-11;13:50:50.430769;101-011-37633556-002;84;ORDER_FILL;;;99777.2786;EUR_USD;99000.0;;MARKET_ORDER;84;0.858180316826;0.866805244633;1.15948;1.15948;0.0;4.2693
86;37633556;2025-11-11;13:50:50.430769;101-011-37633556-002;84;STOP_LOSS_ORDER;;;;;;;ON_FILL;;;;1.05948;;;
87;37633556;2025-11-11;13:55:44.015317;101-011-37633556-002;87;MARKET_ORDER;;;;EUR_USD;-99000.0;DEFAULT;CLIENT_ORDER;;;;;;;
88;37633556;2025-11-11;13:55:44.015317;101-011-37633556-002;87;ORDER_FILL;;;99831.6182;EUR_USD;-99000.0;;MARKET_ORDER;87;0.857632937183;0.866252363687;1.16012;1.16012;54.3396;4.2666
89;37633556;2025-11-11;13:55:44.015317;101-011-37633556-002;87;ORDER_CANCEL;;;;;;;LINKED_TRADE_CLOSED;86;;;;;;
90;37633556;2025-11-11;13:55:54.651790;101-011-37633556-002;90;MARKET_ORDER;;;;EUR_USD;-99000.0;DEFAULT;CLIENT_ORDER;;;;;;;
91;37633556;2025-11-11;13:55:54.651790;101-011-37633556-002;90;ORDER_FILL;;;99831.6182;EUR_USD;-99000.0;;MARKET_ORDER;90;0.857621848376;0.866241163435;1.16014;1.16014;0.0;3.8399
84;37633556;2025-11-11;13:50:50.430769;101-011-37633556-002;84;MARKET_ORDER;;;;EUR_USD;99000.0;DEFAULT;CLIENT_ORDER;;;;;;;
7;37633556;2025-11-10;14:03:08.297493;101-011-37633556-002;6;ORDER_FILL;;;99999.7828;EUR_USD;-1000.0;;MARKET_ORDER_TRADE_CLOSE;6;0.860321046033;0.868967488707;1.1565;1.1565;-0.2172;0.0389
11;37633556;2025-11-10;14:06:01.147128;101-011-37633556-002;10;ORDER_FILL;;;99998.1317;EUR_USD;-10000.0;;MARKET_ORDER_TRADE_CLOSE;10;0.860361962512;0.869008816407;1.15643;1.15643;-1.6511;0.5188
10;37633556;2025-11-10;14:06:01.147128;101-011-37633556-002;10;MARKET_ORDER;;;;EUR_USD;-10000.0;REDUCE_ONLY;TRADE_CLOSE;;;;;;;
9;37633556;2025-11-10;14:04:11.394537;101-011-37633556-002;8;ORDER_FILL;;;99999.7828;EUR_USD;10000.0;;MARKET_ORDER;8;0.860306169886;0.868952463051;1.15662;1.15662;0.0;0.4755
8;37633556;2025-11-10;14:04:11.394537;101-011-37633556-002;8;MARKET_ORDER;;;;EUR_USD;10000.0;DEFAULT;CLIENT_ORDER;;;;;;;
3;37633556;2025-11-10;13:42:45.246190;101-011-37633556-002;3;TRANSFER_FUNDS;;100000.0;100000.0;;;;;;;;;;;
6;37633556;2025-11-10;14:03:08.297493;101-011-37633556-002;6;MARKET_ORDER;;;;EUR_USD;-1000.0;REDUCE_ONLY;TRADE_CLOSE;;;;;;;
5;37633556;2025-11-10;14:02:32.696028;101-011-37633556-002;4;ORDER_FILL;;;100000.0;EUR_USD;1000.0;;MARKET_ORDER;4;0.860205761874;0.868851045913;1.15675;1.15675;0.0;0.0432
4;37633556;2025-11-10;14:02:32.696028;101-011-37633556-002;4;MARKET_ORDER;;;;EUR_USD;1000.0;DEFAULT;CLIENT_ORDER;;;;;;;
13;37633556;2025-11-10;14:06:10.105248;101-011-37633556-002;12;ORDER_FILL;;;99998.1317;EUR_USD;10000.0;;MARKET_ORDER;12;0.860343363791;0.868990030764;1.15657;1.15657;0.0;0.4756
12;37633556;2025-11-10;14:06:10.105248;101-011-37633556-002;12;MARKET_ORDER;;;;EUR_USD;10000.0;DEFAULT;CLIENT_ORDER;;;;;;;
2;37633556;2025-11-10;13:42:43.019655;101-011-37633556-002;1;CLIENT_CONFIGURE;0.03333333333333;;;;;;;;;;;;;
14;37633556;2025-11-10;14:09:16.015898;101-011-37633556-002;14;MARKET_ORDER;;;;EUR_USD;-10000.0;REDUCE_ONLY;TRADE_CLOSE;;;;;;;
15;37633556;2025-11-10;14:09:16.015898;101-011-37633556-002;14;ORDER_FILL;;;99997.871;EUR_USD;-10000.0;;MARKET_ORDER_TRADE_CLOSE;14;0.860283855087;0.868929923982;1.15654;1.15654;-0.2607;0.4755
16;37633556;2025-11-10;14:09:28.533870;101-011-37633556-002;16;MARKET_ORDER;;;;EUR_USD;1.0;DEFAULT;CLIENT_ORDER;;;;;;;
17;37633556;2025-11-10;14:09:28.533870;101-011-37633556-002;16;ORDER_FILL;;;99997.871;EUR_USD;1.0;;MARKET_ORDER;16;0.860265259774;0.868911141782;1.15667;1.15667;0.0;0.0
18;37633556;2025-11-10;14:09:35.594193;101-011-37633556-002;18;MARKET_ORDER;;;;EUR_USD;-1.0;REDUCE_ONLY;TRADE_CLOSE;;;;;;;
19;37633556;2025-11-10;14:09:35.594193;101-011-37633556-002;18;ORDER_FILL;;;99997.8709;EUR_USD;-1.0;;MARKET_ORDER_TRADE_CLOSE;18;0.860291292196;0.868937435836;1.15654;1.15654;-0.0001;0.0
20;37633556;2025-11-10;14:09:41.416303;101-011-37633556-002;20;MARKET_ORDER;;;;EUR_USD;1000.0;DEFAULT;CLIENT_ORDER;;;;;;;
21;37633556;2025-11-10;14:09:41.416303;101-011-37633556-002;20;ORDER_FILL;;;99997.8709;EUR_USD;1000.0;;MARKET_ORDER;20;0.860291293225;0.868937436875;1.15664;1.15664;0.0;0.0476
22;37633556;2025-11-10;14:10:31.133081;101-011-37633556-002;22;MARKET_ORDER;;;;EUR_USD;-1000.0;REDUCE_ONLY;TRADE_CLOSE;;;;;;;
23;37633556;2025-11-10;14:10:31.133081;101-011-37633556-002;22;ORDER_FILL;;;99997.9655;EUR_USD;-1000.0;;MARKET_ORDER_TRADE_CLOSE;22;0.860135118307;0.868779692361;1.15675;1.15675;0.0946;0.0389
1;37633556;2025-11-10;13:42:43.019655;101-011-37633556-002;1;CREATE;;;;;;;;;;;;;;
